game date,grade,round,team a,team a score,team a result,team b,team b score,team b result,bye,game status,venue,playing surface,time,game code,game alias,organisation,competition,competition type,season,game id
30/04/2022,Saturday U10 Boys Division 3,Round 1,Rebels U10 Boys Blue,10,DREW,Magic U10 Boys Gold,10,DREW,,FINAL,Coburg Senior High School,Court 1,09:15:00,18e7c4,,Coburg Basketball Association,Junior Domestic,DOMESTIC,Winter 2022,18e7c402-5162-4b58-84b4-c4b445c86f5d
30/04/2022,Saturday U10 Boys Division 3,Round 1,Rebels U10 Boys Red,10,DREW,Magic U10 Boys Purple,10,DREW,,FINAL,Northcote High School,Court 1,08:30:00,38309f,,Coburg Basketball Association,Junior Domestic,DOMESTIC,Winter 2022,38309f7e-8e12-4874-ae43-7b2e9f924ad9
30/04/2022,Saturday U10 Girls Division 2,Round 1,Magic U10 Girls Purple,10,DREW,Magic U10 Girls Gold,10,DREW,,FINAL,Coburg Basketball Stadium,Court 4,09:15:00,b8a62f,,Coburg Basketball Association,Junior Domestic,DOMESTIC,Winter 2022,b8a62f18-eb73-491f-8e99-7da65232f4ae
30/04/2022,Saturday U12 Boys Division 1,Round 1,Magic U12 Boys Purple,26,WON,STARS U12 Boys SR,16,LOST,,FINAL,Dallas Brooks Community Primary School,Court 1,09:15:00,c8f38d,,Coburg Basketball Association,Junior Domestic,DOMESTIC,Winter 2022,c8f38d3d-4a5b-4964-8ea1-a3d685419948
30/04/2022,Saturday U12 Boys Division 2,Round 1,Magic U12 Boys Gold,2,LOST,Warriors U12 Boys Black,52,WON,,FINAL,Coburg Basketball Stadium,Court 2,10:00:00,7f60d0,,Coburg Basketball Association,Junior Domestic,DOMESTIC,Winter 2022,7f60d089-0a4b-429a-be01-d17c3f707e2c
30/04/2022,Saturday U12 Boys Division 3,Round 1,,,,,,,Magic U12 Boys Black,,,,,,,Coburg Basketball Association,Junior Domestic,DOMESTIC,Winter 2022,
30/04/2022,Saturday U12 Boys Division 4,Round 1,Magic U12 Boys Diamond,6,LOST,Warriors U12 Boys White,33,WON,,FINAL,St John's College (Preston),Court 1,10:00:00,af4240,,Coburg Basketball Association,Junior Domestic,DOMESTIC,Winter 2022,af4240cc-974a-4436-9663-073122a3688a
30/04/2022,Saturday U12 Girls Division 1/2,Round 1,Magic U12 Girls Purple,60,WON,STARS U12 Girls MJ,0,LOST,,FINAL,Coburg Basketball Stadium,Court 1,10:45:00,349fc9,,Coburg Basketball Association,Junior Domestic,DOMESTIC,Winter 2022,349fc964-79d8-4619-8dd5-f8f05cda897c
30/04/2022,Saturday U12 Girls Division 3/4,Round 1,Magic U12 Girls Black,20,WON,Newlands U12 Girls CLIPPERS,0,LOST,,FINAL,,,,7bfab7,,Coburg Basketball Association,Junior Domestic,DOMESTIC,Winter 2022,7bfab7d9-21fc-4bc3-846a-a670ed48675f
30/04/2022,Saturday U12 Girls Division 3/4,Round 1,Thunder U12 Girls Blue,6,WON,Magic U12 Girls Gold,4,LOST,,FINAL,Dallas Brooks Community Primary School,Court 1,10:45:00,1d0476,,Coburg Basketball Association,Junior Domestic,DOMESTIC,Winter 2022,1d0476d5-2a4b-44e0-92fa-8b2af30fdc21
30/04/2022,Saturday U14 Boys Division 3,Round 1,Magic U14 Boys Black,60,WON,Warriors U14 Boys Black,29,LOST,,FINAL,Northcote High School,Court 1,10:45:00,208f9f,,Coburg Basketball Association,Junior Domestic,DOMESTIC,Winter 2022,208f9ff0-7c7c-43ba-8c11-b6ffa81967b5
30/04/2022,Saturday U14 Boys Division 5,Round 1,Magic U14 Boys Gold,11,WON,Magic U14 Boys Purple,6,LOST,,FINAL,Mercy College,Court 1,12:15:00,cd6d91,,Coburg Basketball Association,Junior Domestic,DOMESTIC,Winter 2022,cd6d91bb-e4dd-45b9-916a-82287a99db97
30/04/2022,Saturday U14 Girls Division 3,Round 1,Magic U14 Girls Gold,15,LOST,Magic U14 Girls Purple,19,WON,,FINAL,Oak Park Stadium,Court 1,12:15:00,8f048d,,Coburg Basketball Association,Junior Domestic,DOMESTIC,Winter 2022,8f048db1-c773-4a71-b3aa-53b4b63785f5
30/04/2022,Saturday U16 Boys Division 2,Round 1,Newlands U16 Boys CITY,28,WON,Magic U16 Boys Gold,24,LOST,,FINAL,Pascoe Vale Girls College,Court 1,13:00:00,196960,,Coburg Basketball Association,Junior Domestic,DOMESTIC,Winter 2022,1969607c-3a8b-4458-bece-e66683236830
30/04/2022,Saturday U16 Boys Division 3,Round 1,St Fidelis U16 Boys White,34,WON,Magic U16 Boys Purple,20,LOST,,FINAL,Coburg Basketball Stadium,Court 3,13:00:00,c029f5,,Coburg Basketball Association,Junior Domestic,DOMESTIC,Winter 2022,c029f5ce-b771-4470-a488-634c63c5f579
30/04/2022,Saturday U16 Girls Division 1/2,Round 1,Magic U16 Girls Gold,29,WON,STARS U16 Girls JC,12,LOST,,FINAL,Coburg Senior High School,Court 1,13:45:00,4c09fd,,Coburg Basketball Association,Junior Domestic,DOMESTIC,Winter 2022,4c09fd51-6789-4fcb-8c87-1e994b0bff30
30/04/2022,Saturday U8 Mixed Division 1/2,Round 1,St Fidelis U8 Mixed Green,10,DREW,Magic U8 Mixed Purple,10,DREW,,FINAL,Coburg Basketball Stadium,Court 2,08:30:00,f14bc0,,Coburg Basketball Association,Junior Domestic,DOMESTIC,Winter 2022,f14bc0bb-0a81-4d09-a7dc-8c47baf5fa85
07/05/2022,Saturday U10 Boys Division 3,Round 2,Magic U10 Boys Gold,,,Panthers U10 Boys Black,,,,UPCOMING,Northcote High School,Court 1,08:30:00,b2a985,,Coburg Basketball Association,Junior Domestic,DOMESTIC,Winter 2022,b2a98523-185f-476f-886a-a5df8b4fcbfc
07/05/2022,Saturday U10 Boys Division 3,Round 2,Magic U10 Boys Purple,,,Jets U10 Boys Yellow,,,,UPCOMING,Oak Park Stadium,Court 1,08:30:00,3c9784,,Coburg Basketball Association,Junior Domestic,DOMESTIC,Winter 2022,3c9784a0-86a9-42f4-9c7f-f3de203e9ad4
07/05/2022,Saturday U10 Girls Division 2,Round 2,Melbourne Warriors u/10g,,,Magic U10 Girls Purple,,,,UPCOMING,Coburg Basketball Stadium,Court 4,09:15:00,d8e832,,Coburg Basketball Association,Junior Domestic,DOMESTIC,Winter 2022,d8e832d7-0fb3-4aac-9873-d727de3420ab
07/05/2022,Saturday U10 Girls Division 2,Round 2,Jets U10 Girls Yellow,,,Magic U10 Girls Gold,,,,UPCOMING,Coburg Basketball Stadium,Court 3,09:15:00,bf2015,,Coburg Basketball Association,Junior Domestic,DOMESTIC,Winter 2022,bf20152d-2afb-4870-b693-ced52895061c
07/05/2022,Saturday U12 Boys Division 1,Round 2,Jets U12 Boys Yellow,,,Magic U12 Boys Purple,,,,UPCOMING,Northcote High School,Court 1,09:15:00,92088e,,Coburg Basketball Association,Junior Domestic,DOMESTIC,Winter 2022,92088e49-d796-4130-bd0b-3356b76e3919
07/05/2022,Saturday U12 Boys Division 2,Round 2,Panthers U12 Boys Green,,,Magic U12 Boys Gold,,,,UPCOMING,Dallas Brooks Community Primary School,Court 2,10:00:00,c00e72,,Coburg Basketball Association,Junior Domestic,DOMESTIC,Winter 2022,c00e7238-cf11-4921-b6f5-62b088f3ad00
07/05/2022,Saturday U12 Boys Division 3,Round 2,Magic U12 Boys Black,,,St Fidelis U12 Boys Red,,,,UPCOMING,Northcote High School,Court 1,10:00:00,d32e5c,,Coburg Basketball Association,Junior Domestic,DOMESTIC,Winter 2022,d32e5c65-8c5c-4d98-818d-561165323551
07/05/2022,Saturday U12 Boys Division 4,Round 2,Jets U12 Boys Blue,,,Magic U12 Boys Diamond,,,,UPCOMING,Coburg Basketball Stadium,Court 3,10:00:00,15ba76,,Coburg Basketball Association,Junior Domestic,DOMESTIC,Winter 2022,15ba7674-41a1-434a-8c7f-84d78dba7611
07/05/2022,Saturday U12 Girls Division 1/2,Round 2,Newlands U12 Girls COYOTES,,,Magic U12 Girls Purple,,,,UPCOMING,Dallas Brooks Community Primary School,Court 1,10:45:00,41e09a,,Coburg Basketball Association,Junior Domestic,DOMESTIC,Winter 2022,41e09a94-8fcd-45a0-8718-7b0768c6fbeb
07/05/2022,Saturday U12 Girls Division 3/4,Round 2,STARS U12 Girls U12 EW,,,Magic U12 Girls Gold,,,,UPCOMING,St John's College (Preston),Court 1,10:45:00,02a368,,Coburg Basketball Association,Junior Domestic,DOMESTIC,Winter 2022,02a368e2-e34a-4456-a03b-f302fa8d4ea4
07/05/2022,Saturday U12 Girls Division 3/4,Round 2,Magic U12 Girls Black,,,Rebels U12 Girls White,,,,UPCOMING,Pascoe Vale Girls College,Court 1,10:45:00,6ca7a7,,Coburg Basketball Association,Junior Domestic,DOMESTIC,Winter 2022,6ca7a7ee-85bc-46fb-8305-9c851106ba5d
07/05/2022,Saturday U14 Boys Division 3,Round 2,,,,,,,Magic U14 Boys Black,,,,,,,Coburg Basketball Association,Junior Domestic,DOMESTIC,Winter 2022,
07/05/2022,Saturday U14 Boys Division 5,Round 2,Newlands U14 Boys DRAGONS,,,Magic U14 Boys Gold,,,,UPCOMING,Northcote High School,Court 1,12:15:00,ab2031,,Coburg Basketball Association,Junior Domestic,DOMESTIC,Winter 2022,ab20314a-33b3-4eef-9a55-ee9517a78173
07/05/2022,Saturday U14 Boys Division 5,Round 2,Newlands U14 Boys REDBACKS,,,Magic U14 Boys Purple,,,,UPCOMING,Dallas Brooks Community Primary School,Court 2,12:15:00,133d9d,,Coburg Basketball Association,Junior Domestic,DOMESTIC,Winter 2022,133d9da9-ed25-4988-ad45-dc971346aede
07/05/2022,Saturday U14 Girls Division 3,Round 2,St Fidelis U14 Girls Silver,,,Magic U14 Girls Gold,,,,UPCOMING,Northcote High School,Court 1,13:00:00,a5b08a,,Coburg Basketball Association,Junior Domestic,DOMESTIC,Winter 2022,a5b08a19-b7c5-4efb-9b44-c515c4345e07
07/05/2022,Saturday U14 Girls Division 3,Round 2,Magic U14 Girls Purple,,,STARS U14 Girls Yellow,,,,UPCOMING,Coburg Basketball Stadium,Court 4,13:00:00,dd90bc,,Coburg Basketball Association,Junior Domestic,DOMESTIC,Winter 2022,dd90bcb3-5b02-45f4-b899-4e23ed5dd66b
07/05/2022,Saturday U16 Boys Division 2,Round 2,Magic U16 Boys Gold,,,Piranhas U16 Boys Red,,,,UPCOMING,Dallas Brooks Community Primary School,Court 1,13:00:00,cfe0bf,,Coburg Basketball Association,Junior Domestic,DOMESTIC,Winter 2022,cfe0bf72-4215-465c-a941-c7a14ca024f3
07/05/2022,Saturday U16 Boys Division 3,Round 2,St Fidelis U16 Boys Purple,,,Magic U16 Boys Purple,,,,UPCOMING,Pascoe Vale Girls College,Court 1,13:00:00,d46bce,,Coburg Basketball Association,Junior Domestic,DOMESTIC,Winter 2022,d46bcea7-04f7-4595-b525-9ec6f141d76a
07/05/2022,Saturday U16 Girls Division 1/2,Round 2,,,,,,,Magic U16 Girls Gold,,,,,,,Coburg Basketball Association,Junior Domestic,DOMESTIC,Winter 2022,
07/05/2022,Saturday U8 Mixed Division 1/2,Round 2,Magic U8 Mixed Purple,,,STARS U8 Mixed MK,,,,UPCOMING,St John's College (Preston),Court 1,08:30:00,32844f,,Coburg Basketball Association,Junior Domestic,DOMESTIC,Winter 2022,32844f6d-ab25-4eb2-adca-6f2c7ef0a666
14/05/2022,Saturday U10 Boys Division 3,Round 3,STARS U10 Boys EW,,,Magic U10 Boys Gold,,,,UPCOMING,St John's College (Preston),Court 1,08:30:00,f04801,,Coburg Basketball Association,Junior Domestic,DOMESTIC,Winter 2022,f04801f6-8877-45f1-b0ed-288a79dae931
14/05/2022,Saturday U10 Boys Division 3,Round 3,Newlands U10 Boys MINIONS,,,Magic U10 Boys Purple,,,,UPCOMING,Coburg Basketball Stadium,Court 1,09:15:00,51e080,,Coburg Basketball Association,Junior Domestic,DOMESTIC,Winter 2022,51e08099-0d8d-4f8b-8a09-fdc3ee334355
14/05/2022,Saturday U10 Girls Division 2,Round 3,Magic U10 Girls Purple,,,Melbourne Warriors u/10g,,,,UPCOMING,Coburg Basketball Stadium,Court 4,09:15:00,a0549d,,Coburg Basketball Association,Junior Domestic,DOMESTIC,Winter 2022,a0549de9-597f-44eb-82a9-8465342ffef7
14/05/2022,Saturday U10 Girls Division 2,Round 3,Panthers U10 Girls Green,,,Magic U10 Girls Gold,,,,UPCOMING,Mercy College,Court 1,08:30:00,a6c625,,Coburg Basketball Association,Junior Domestic,DOMESTIC,Winter 2022,a6c625ec-fd4b-480c-aa33-c7262baa2a68
14/05/2022,Saturday U12 Boys Division 1,Round 3,Magic U12 Boys Purple,,,Warriors U12 Boys Red,,,,UPCOMING,Northcote High School,Court 1,09:15:00,a70b26,,Coburg Basketball Association,Junior Domestic,DOMESTIC,Winter 2022,a70b26d4-ae8e-482e-b123-2e100a431416
14/05/2022,Saturday U12 Boys Division 2,Round 3,Magic U12 Boys Gold,,,Newlands U12 Boys LAKERS,,,,UPCOMING,Dallas Brooks Community Primary School,Court 2,10:00:00,8bc7dd,,Coburg Basketball Association,Junior Domestic,DOMESTIC,Winter 2022,8bc7dd08-af79-47bb-9361-036d07c20f4b
14/05/2022,Saturday U12 Boys Division 3,Round 3,Panthers U12 Boys White,,,Magic U12 Boys Black,,,,UPCOMING,Mercy College,Court 1,10:00:00,0a73f0,,Coburg Basketball Association,Junior Domestic,DOMESTIC,Winter 2022,0a73f0ef-016f-4e08-a1f3-0ae87adad03e
14/05/2022,Saturday U12 Boys Division 4,Round 3,Magic U12 Boys Diamond,,,Newlands U12 Boys COUGARS,,,,UPCOMING,Coburg Basketball Stadium,Court 4,10:00:00,dd89e0,,Coburg Basketball Association,Junior Domestic,DOMESTIC,Winter 2022,dd89e03d-c466-4079-8628-6901d80531c6
14/05/2022,Saturday U12 Girls Division 1/2,Round 3,Magic U12 Girls Purple,,,Newlands U12 Girls HOOPS,,,,UPCOMING,Coburg Basketball Stadium,Court 3,10:45:00,52299b,,Coburg Basketball Association,Junior Domestic,DOMESTIC,Winter 2022,52299b0a-7f28-4bea-9771-e78a8612c288
14/05/2022,Saturday U12 Girls Division 3/4,Round 3,Thunder U12 Girls Blue,,,Magic U12 Girls Black,,,,UPCOMING,Dallas Brooks Community Primary School,Court 1,10:45:00,4c8ccd,,Coburg Basketball Association,Junior Domestic,DOMESTIC,Winter 2022,4c8ccd6b-ea76-418a-b9c5-c41a9ccfa52a
14/05/2022,Saturday U12 Girls Division 3/4,Round 3,,,,,,,Magic U12 Girls Gold,,,,,,,Coburg Basketball Association,Junior Domestic,DOMESTIC,Winter 2022,
14/05/2022,Saturday U14 Boys Division 3,Round 3,Magic U14 Boys Black,,,Rebels U14 Boys White,,,,UPCOMING,Coburg Basketball Stadium,Court 2,11:30:00,6e9146,,Coburg Basketball Association,Junior Domestic,DOMESTIC,Winter 2022,6e914641-d014-4a8b-806d-49b7c559a1bb
14/05/2022,Saturday U14 Boys Division 5,Round 3,Magic U14 Boys Gold,,,St Fidelis U14 Boys White,,,,UPCOMING,Pascoe Vale Girls College,Court 1,11:30:00,732362,,Coburg Basketball Association,Junior Domestic,DOMESTIC,Winter 2022,7323628c-ce2f-4446-b964-44e3589715eb
14/05/2022,Saturday U14 Boys Division 5,Round 3,Magic U14 Boys Purple,,,Warriors U14 Boys White,,,,UPCOMING,Northcote High School,Court 1,12:15:00,66ec1f,,Coburg Basketball Association,Junior Domestic,DOMESTIC,Winter 2022,66ec1f10-575d-4870-95f5-b7f239429183
14/05/2022,Saturday U14 Girls Division 3,Round 3,Jets U14 Girls Yellow,,,Magic U14 Girls Purple,,,,UPCOMING,Oak Park Stadium,Court 1,12:15:00,54307f,,Coburg Basketball Association,Junior Domestic,DOMESTIC,Winter 2022,54307fa9-4fef-46e6-b440-d7c848a66da1
14/05/2022,Saturday U14 Girls Division 3,Round 3,Magic U14 Girls Gold,,,STARS U14 Girls Yellow,,,,UPCOMING,Dallas Brooks Community Primary School,Court 2,13:00:00,aec2f0,,Coburg Basketball Association,Junior Domestic,DOMESTIC,Winter 2022,aec2f040-2ebb-4cc5-a7ea-726f363cd92e
14/05/2022,Saturday U16 Boys Division 2,Round 3,Magic U16 Boys Gold,,,Jets U16 Boys Orange,,,,UPCOMING,Coburg Basketball Stadium,Court 2,13:00:00,6699f8,,Coburg Basketball Association,Junior Domestic,DOMESTIC,Winter 2022,6699f8b8-9684-4248-be8c-abafb0dc1826
14/05/2022,Saturday U16 Boys Division 3,Round 3,Magic U16 Boys Purple,,,Warriors U16 Boys White,,,,UPCOMING,Dallas Brooks Community Primary School,Court 1,14:30:00,7aca48,,Coburg Basketball Association,Junior Domestic,DOMESTIC,Winter 2022,7aca489f-3f1c-44f9-a4ef-42fa798eddd3
14/05/2022,Saturday U16 Girls Division 1/2,Round 3,Jets U16 Girls Blue,,,Magic U16 Girls Gold,,,,UPCOMING,Coburg Basketball Stadium,Court 4,13:45:00,98854c,,Coburg Basketball Association,Junior Domestic,DOMESTIC,Winter 2022,98854c4f-b966-441a-80be-7c80f27e6e8f
14/05/2022,Saturday U8 Mixed Division 1/2,Round 3,Newlands U8 Mixed BULLANTS,,,Magic U8 Mixed Purple,,,,UPCOMING,Coburg Basketball Stadium,Court 2,08:30:00,7ccc80,,Coburg Basketball Association,Junior Domestic,DOMESTIC,Winter 2022,7ccc8070-9e8c-41da-b5ab-cf6bc2300ad8
21/05/2022,Saturday U10 Boys Division 3,Round 4,Magic U10 Boys Gold,,,Newlands U10 Boys GATORS,,,,UPCOMING,Coburg Basketball Stadium,Court 1,09:15:00,f1c76c,,Coburg Basketball Association,Junior Domestic,DOMESTIC,Winter 2022,f1c76c6f-1cc4-432a-9ca4-8c3c9ba3d354
21/05/2022,Saturday U10 Boys Division 3,Round 4,Magic U10 Boys Purple,,,Newlands U10 Boys BULLS,,,,UPCOMING,Coburg Basketball Stadium,Court 2,09:15:00,ff3864,,Coburg Basketball Association,Junior Domestic,DOMESTIC,Winter 2022,ff3864d2-12cb-4976-99dd-dbb778677323
21/05/2022,Saturday U10 Girls Division 2,Round 4,Magic U10 Girls Gold,,,St Fidelis U10 Girls Blue,,,,UPCOMING,Pascoe Vale Girls College,Court 1,09:15:00,f58fee,,Coburg Basketball Association,Junior Domestic,DOMESTIC,Winter 2022,f58fee8b-1ba7-4c31-97ff-178a88eb0fd6
21/05/2022,Saturday U10 Girls Division 2,Round 4,,,,,,,Magic U10 Girls Purple,,,,,,,Coburg Basketball Association,Junior Domestic,DOMESTIC,Winter 2022,
21/05/2022,Saturday U12 Boys Division 1,Round 4,St Fidelis U12 Boys Black,,,Magic U12 Boys Purple,,,,UPCOMING,Dallas Brooks Community Primary School,Court 1,09:15:00,ec294a,,Coburg Basketball Association,Junior Domestic,DOMESTIC,Winter 2022,ec294a3d-25e4-4a5c-ade4-37ee7b48146c
21/05/2022,Saturday U12 Boys Division 2,Round 4,Rebels U12 Boys Red,,,Magic U12 Boys Gold,,,,UPCOMING,Coburg Basketball Stadium,Court 2,10:00:00,ce6ddf,,Coburg Basketball Association,Junior Domestic,DOMESTIC,Winter 2022,ce6ddfa4-22e0-45aa-83f1-6505a677915e
21/05/2022,Saturday U12 Boys Division 3,Round 4,Magic U12 Boys Black,,,STARS U12 Boys CR,,,,UPCOMING,Oak Park Stadium,Court 1,10:00:00,ab1948,,Coburg Basketball Association,Junior Domestic,DOMESTIC,Winter 2022,ab194880-67a0-4505-ac2e-a56234816d23
21/05/2022,Saturday U12 Boys Division 4,Round 4,Rebels U12 Boys Blue,,,Magic U12 Boys Diamond,,,,UPCOMING,Dallas Brooks Community Primary School,Court 2,10:45:00,efc52f,,Coburg Basketball Association,Junior Domestic,DOMESTIC,Winter 2022,efc52f90-645b-45bd-96b0-432fdd4973d3
21/05/2022,Saturday U12 Girls Division 1/2,Round 4,Panthers U12 Girls Black,,,Magic U12 Girls Purple,,,,UPCOMING,Oak Park Stadium,Court 1,10:45:00,e796e3,,Coburg Basketball Association,Junior Domestic,DOMESTIC,Winter 2022,e796e3b0-548f-44c3-8860-2614fa5d84db
21/05/2022,Saturday U12 Girls Division 3/4,Round 4,Magic U12 Girls Gold,,,St Fidelis U12 Girls Blue,,,,UPCOMING,St John's College (Preston),Court 1,10:45:00,7b8cc7,,Coburg Basketball Association,Junior Domestic,DOMESTIC,Winter 2022,7b8cc781-2133-4a16-8657-2660aaa2a1f1
21/05/2022,Saturday U12 Girls Division 3/4,Round 4,Magic U12 Girls Black,,,Melbourne Warriors u/12g,,,,UPCOMING,Coburg Basketball Stadium,Court 4,10:45:00,6f759a,,Coburg Basketball Association,Junior Domestic,DOMESTIC,Winter 2022,6f759a4d-5176-40d5-9be7-b9c286386935
21/05/2022,Saturday U14 Boys Division 3,Round 4,St Fidelis U14 Boys Blue,,,Magic U14 Boys Black,,,,UPCOMING,Dallas Brooks Community Primary School,Court 1,11:30:00,13995b,,Coburg Basketball Association,Junior Domestic,DOMESTIC,Winter 2022,13995b94-579d-465a-96f9-d1575a1a9940
21/05/2022,Saturday U14 Boys Division 5,Round 4,Thunder U14 Boys Grey,,,Magic U14 Boys Gold,,,,UPCOMING,Coburg Basketball Stadium,Court 4,11:30:00,8d656d,,Coburg Basketball Association,Junior Domestic,DOMESTIC,Winter 2022,8d656d41-797a-4d7a-977d-1906b063134a
21/05/2022,Saturday U14 Boys Division 5,Round 4,St Fidelis U14 Boys Green,,,Magic U14 Boys Purple,,,,UPCOMING,Pascoe Vale Girls College,Court 1,11:30:00,0a390f,,Coburg Basketball Association,Junior Domestic,DOMESTIC,Winter 2022,0a390f4a-810c-47c4-b53c-ce9a1714daf6
21/05/2022,Saturday U14 Girls Division 3,Round 4,Magic U14 Girls Purple,,,St Fidelis U14 Girls White,,,,UPCOMING,Northcote High School,Court 1,13:00:00,50f669,,Coburg Basketball Association,Junior Domestic,DOMESTIC,Winter 2022,50f6690d-31ca-48d1-aca1-d393e0dd65a2
21/05/2022,Saturday U14 Girls Division 3,Round 4,Rebels U14 Girls White,,,Magic U14 Girls Gold,,,,UPCOMING,Dallas Brooks Community Primary School,Court 2,13:00:00,ed1005,,Coburg Basketball Association,Junior Domestic,DOMESTIC,Winter 2022,ed1005c8-4371-4882-9873-3531efcd0918
21/05/2022,Saturday U16 Boys Division 2,Round 4,St Fidelis U16 Boys Gold,,,Magic U16 Boys Gold,,,,UPCOMING,Coburg Senior High School,Court 1,13:00:00,dd626a,,Coburg Basketball Association,Junior Domestic,DOMESTIC,Winter 2022,dd626a6d-f4c0-4f44-81cf-1514f26ac7e4
21/05/2022,Saturday U16 Boys Division 3,Round 4,St Fidelis U16 Boys White,,,Magic U16 Boys Purple,,,,UPCOMING,Mercy College,Court 1,13:00:00,6ed3f2,,Coburg Basketball Association,Junior Domestic,DOMESTIC,Winter 2022,6ed3f290-b035-4e2c-9fbb-e0f4960b5c82
21/05/2022,Saturday U16 Girls Division 1/2,Round 4,Magic U16 Girls Gold,,,Warriors U16 Girls Orange,,,,UPCOMING,Coburg Basketball Stadium,Court 1,13:45:00,27a978,,Coburg Basketball Association,Junior Domestic,DOMESTIC,Winter 2022,27a97808-4587-45b5-986d-bb172afbb169
21/05/2022,Saturday U8 Mixed Division 1/2,Round 4,Magic U8 Mixed Purple,,,Newlands U8 Mixed GRASSHOPPERS,,,,UPCOMING,Coburg Basketball Stadium,Court 1,08:30:00,ae2089,,Coburg Basketball Association,Junior Domestic,DOMESTIC,Winter 2022,ae20891f-7800-44a2-81ae-12e06f7f0212
28/05/2022,Saturday U10 Boys Division 3,Round 5,Warriors U10 Boys Orange,,,Magic U10 Boys Gold,,,,UPCOMING,Coburg Basketball Stadium,Court 2,09:15:00,a43415,,Coburg Basketball Association,Junior Domestic,DOMESTIC,Winter 2022,a43415c3-c084-449b-8826-6a79c2667ef9
28/05/2022,Saturday U10 Boys Division 3,Round 5,Warriors U10 Boys Black,,,Magic U10 Boys Purple,,,,UPCOMING,Dallas Brooks Community Primary School,Court 2,09:15:00,2ec5f0,,Coburg Basketball Association,Junior Domestic,DOMESTIC,Winter 2022,2ec5f092-bb3f-4f33-8b69-2807945ff5d0
28/05/2022,Saturday U10 Girls Division 2,Round 5,Panthers U10 Girls Green,,,Magic U10 Girls Purple,,,,UPCOMING,Coburg Basketball Stadium,Court 4,09:15:00,d1c6f6,,Coburg Basketball Association,Junior Domestic,DOMESTIC,Winter 2022,d1c6f675-e760-48be-abba-e1d4b5c37f2b
28/05/2022,Saturday U10 Girls Division 2,Round 5,Thunder U10 Girls Blue,,,Magic U10 Girls Gold,,,,UPCOMING,Oak Park Stadium,Court 1,09:15:00,120512,,Coburg Basketball Association,Junior Domestic,DOMESTIC,Winter 2022,120512eb-ba63-4720-87f7-e0ed20166109
28/05/2022,Saturday U12 Boys Division 1,Round 5,Magic U12 Boys Purple,,,Piranhas U12 Boys Gold,,,,UPCOMING,Coburg Basketball Stadium,Court 1,10:00:00,cca298,,Coburg Basketball Association,Junior Domestic,DOMESTIC,Winter 2022,cca298e1-4b1a-4371-80bd-d3cf9bcc96a7
28/05/2022,Saturday U12 Boys Division 2,Round 5,Magic U12 Boys Gold,,,Jets U12 Boys Red,,,,UPCOMING,Coburg Senior High School,Court 1,10:00:00,965527,,Coburg Basketball Association,Junior Domestic,DOMESTIC,Winter 2022,96552797-9507-477a-9a94-55325639d50c
28/05/2022,Saturday U12 Boys Division 3,Round 5,Piranhas U12 Boys Orange,,,Magic U12 Boys Black,,,,UPCOMING,Pascoe Vale Girls College,Court 1,10:00:00,d0cd8d,,Coburg Basketball Association,Junior Domestic,DOMESTIC,Winter 2022,d0cd8df7-fa5a-4107-9e53-009c3aad083b
28/05/2022,Saturday U12 Boys Division 4,Round 5,Magic U12 Boys Diamond,,,Newlands U12 Boys GRIZZLIES,,,,UPCOMING,Dallas Brooks Community Primary School,Court 2,10:45:00,4fd35d,,Coburg Basketball Association,Junior Domestic,DOMESTIC,Winter 2022,4fd35d99-4409-4bf9-9010-ef544578b11f
28/05/2022,Saturday U12 Girls Division 1/2,Round 5,Magic U12 Girls Purple,,,Jets U12 Girls Blue,,,,UPCOMING,Oak Park Stadium,Court 1,10:45:00,653710,,Coburg Basketball Association,Junior Domestic,DOMESTIC,Winter 2022,6537105f-ead0-4c8d-828c-ee913d49c02f
28/05/2022,Saturday U12 Girls Division 3/4,Round 5,Newlands U12 Girls LEOPARDS,,,Magic U12 Girls Gold,,,,UPCOMING,Pascoe Vale Girls College,Court 1,10:45:00,a6ec32,,Coburg Basketball Association,Junior Domestic,DOMESTIC,Winter 2022,a6ec3229-980f-4eb6-822d-df15f4c6e731
28/05/2022,Saturday U12 Girls Division 3/4,Round 5,Magic U12 Girls Black,,,STARS U12 Girls U12 EW,,,,UPCOMING,Coburg Basketball Stadium,Court 4,10:45:00,8e1ace,,Coburg Basketball Association,Junior Domestic,DOMESTIC,Winter 2022,8e1ace29-88f9-4b51-ac77-9a25c46ff125
28/05/2022,Saturday U14 Boys Division 3,Round 5,,,,,,,Magic U14 Boys Black,,,,,,,Coburg Basketball Association,Junior Domestic,DOMESTIC,Winter 2022,
28/05/2022,Saturday U14 Boys Division 5,Round 5,Magic U14 Boys Purple,,,Thunder U14 Boys Blue,,,,UPCOMING,Coburg Basketball Stadium,Court 4,11:30:00,2a6114,,Coburg Basketball Association,Junior Domestic,DOMESTIC,Winter 2022,2a6114f5-ac11-46b5-8ddb-d90b62a67be4
28/05/2022,Saturday U14 Boys Division 5,Round 5,,,,,,,Magic U14 Boys Gold,,,,,,,Coburg Basketball Association,Junior Domestic,DOMESTIC,Winter 2022,
28/05/2022,Saturday U14 Girls Division 3,Round 5,St Fidelis U14 Girls Silver,,,Magic U14 Girls Purple,,,,UPCOMING,Dallas Brooks Community Primary School,Court 1,12:15:00,72482b,,Coburg Basketball Association,Junior Domestic,DOMESTIC,Winter 2022,72482bd3-3068-4b69-a129-4ccacfd4858b
28/05/2022,Saturday U14 Girls Division 3,Round 5,Magic U14 Girls Gold,,,Jets U14 Girls Yellow,,,,UPCOMING,Northcote High School,Court 1,13:00:00,2f58a3,,Coburg Basketball Association,Junior Domestic,DOMESTIC,Winter 2022,2f58a312-c4a2-425a-a6a4-d632aa735d93
28/05/2022,Saturday U16 Boys Division 2,Round 5,Magic U16 Boys Gold,,,STARS U16 Boys RW,,,,UPCOMING,Coburg Basketball Stadium,Court 2,13:00:00,db4248,,Coburg Basketball Association,Junior Domestic,DOMESTIC,Winter 2022,db424890-dddf-4c12-8c6b-13c82ac546f3
28/05/2022,Saturday U16 Boys Division 3,Round 5,Magic U16 Boys Purple,,,Newlands U16 Boys CYCLONES,,,,UPCOMING,Mercy College,Court 1,13:00:00,622247,,Coburg Basketball Association,Junior Domestic,DOMESTIC,Winter 2022,622247fb-d297-4677-bbb3-5a21a0145a4d
28/05/2022,Saturday U16 Girls Division 1/2,Round 5,St Fidelis U16 Girls White,,,Magic U16 Girls Gold,,,,UPCOMING,Coburg Senior High School,Court 1,13:45:00,e691b4,,Coburg Basketball Association,Junior Domestic,DOMESTIC,Winter 2022,e691b4dd-d5b7-4cd5-aaaf-dd2bd91484cc
28/05/2022,Saturday U8 Mixed Division 1/2,Round 5,Newlands U8 Mixed NUGGETS,,,Magic U8 Mixed Purple,,,,UPCOMING,Coburg Basketball Stadium,Court 3,08:30:00,677c74,,Coburg Basketball Association,Junior Domestic,DOMESTIC,Winter 2022,677c74bd-74f0-4f10-8972-1a1adde83c78
04/06/2022,Saturday U10 Boys Division 3,Round 6,Magic U10 Boys Gold,,,Warriors U10 Boys White,,,,UPCOMING,Dallas Brooks Community Primary School,Court 2,09:15:00,872599,,Coburg Basketball Association,Junior Domestic,DOMESTIC,Winter 2022,872599b7-f241-474a-b3e9-219ec697b734
04/06/2022,Saturday U10 Boys Division 3,Round 6,Magic U10 Boys Purple,,,Piranhas U10 Mixed Neon,,,,UPCOMING,St John's College (Preston),Court 1,09:15:00,c39ccc,,Coburg Basketball Association,Junior Domestic,DOMESTIC,Winter 2022,c39cccff-5785-49b7-b2c9-14550ff796fa
04/06/2022,Saturday U10 Girls Division 2,Round 6,Magic U10 Girls Purple,,,St Fidelis U10 Girls Blue,,,,UPCOMING,Coburg Senior High School,Court 1,09:15:00,498e99,,Coburg Basketball Association,Junior Domestic,DOMESTIC,Winter 2022,498e99b1-581f-421b-bbff-40e3e88e19ab
04/06/2022,Saturday U10 Girls Division 2,Round 6,Magic U10 Girls Gold,,,Newlands U10 Girls CHEETAHS,,,,UPCOMING,Coburg Basketball Stadium,Court 3,09:15:00,78283a,,Coburg Basketball Association,Junior Domestic,DOMESTIC,Winter 2022,78283ad4-ab94-4eb2-879e-a34059296192
04/06/2022,Saturday U12 Boys Division 1,Round 6,STARS U12 Boys SR,,,Magic U12 Boys Purple,,,,UPCOMING,Dallas Brooks Community Primary School,Court 1,09:15:00,e95560,,Coburg Basketball Association,Junior Domestic,DOMESTIC,Winter 2022,e9556044-0d77-4d85-9484-9b0085bd8c23
04/06/2022,Saturday U12 Boys Division 2,Round 6,Warriors U12 Boys Black,,,Magic U12 Boys Gold,,,,UPCOMING,Coburg Basketball Stadium,Court 2,10:00:00,23e5d5,,Coburg Basketball Association,Junior Domestic,DOMESTIC,Winter 2022,23e5d589-64b1-467a-89a6-67c39c06fd8e
04/06/2022,Saturday U12 Boys Division 3,Round 6,St Fidelis U12 Boys White,,,Magic U12 Boys Black,,,,UPCOMING,Pascoe Vale Girls College,Court 1,10:00:00,86481f,,Coburg Basketball Association,Junior Domestic,DOMESTIC,Winter 2022,86481f02-f0ea-4aeb-a60b-1fdbcc952c51
04/06/2022,Saturday U12 Boys Division 4,Round 6,Rebels U12 Boys White,,,Magic U12 Boys Diamond,,,,UPCOMING,Coburg Basketball Stadium,Court 4,10:00:00,c6b251,,Coburg Basketball Association,Junior Domestic,DOMESTIC,Winter 2022,c6b251a5-16f8-4f19-a3c8-2810b49c3da9
04/06/2022,Saturday U12 Girls Division 1/2,Round 6,Rebels U12 Girls Red,,,Magic U12 Girls Purple,,,,UPCOMING,Coburg Basketball Stadium,Court 3,10:45:00,865c18,,Coburg Basketball Association,Junior Domestic,DOMESTIC,Winter 2022,865c1852-7b4f-485b-b85e-570ffe1ef9eb
04/06/2022,Saturday U12 Girls Division 3/4,Round 6,Magic U12 Girls Gold,,,Magic U12 Girls Black,,,,UPCOMING,Dallas Brooks Community Primary School,Court 1,10:45:00,d0c9ad,,Coburg Basketball Association,Junior Domestic,DOMESTIC,Winter 2022,d0c9ad69-1b8b-46a6-b242-b96f52b13ee8
04/06/2022,Saturday U14 Boys Division 3,Round 6,Magic U14 Boys Black,,,Warriors U14 Boys Gold,,,,UPCOMING,Dallas Brooks Community Primary School,Court 1,11:30:00,73e24f,,Coburg Basketball Association,Junior Domestic,DOMESTIC,Winter 2022,73e24f27-7cfd-42d5-9e0b-c293ad015980
04/06/2022,Saturday U14 Boys Division 5,Round 6,Magic U14 Boys Gold,,,Newlands U14 Boys REDBACKS,,,,UPCOMING,Coburg Basketball Stadium,Court 4,11:30:00,9694b2,,Coburg Basketball Association,Junior Domestic,DOMESTIC,Winter 2022,9694b286-1699-4f8b-877c-32569fc2d414
04/06/2022,Saturday U14 Boys Division 5,Round 6,,,,,,,Magic U14 Boys Purple,,,,,,,Coburg Basketball Association,Junior Domestic,DOMESTIC,Winter 2022,
04/06/2022,Saturday U14 Girls Division 3,Round 6,Magic U14 Girls Purple,,,Rebels U14 Girls White,,,,UPCOMING,Dallas Brooks Community Primary School,Court 1,12:15:00,3cc979,,Coburg Basketball Association,Junior Domestic,DOMESTIC,Winter 2022,3cc97917-b1f1-4c9e-91e3-95e9a1089e38
04/06/2022,Saturday U14 Girls Division 3,Round 6,SUBC-CG141,,,Magic U14 Girls Gold,,,,UPCOMING,Oak Park Stadium,Court 1,12:15:00,dd72ea,,Coburg Basketball Association,Junior Domestic,DOMESTIC,Winter 2022,dd72ea20-76fc-4679-995c-42b1cb7b5eba
04/06/2022,Saturday U16 Boys Division 2,Round 6,Warriors U16 Boys Black,,,Magic U16 Boys Gold,,,,UPCOMING,Dallas Brooks Community Primary School,Court 1,13:00:00,df3528,,Coburg Basketball Association,Junior Domestic,DOMESTIC,Winter 2022,df352851-a8e8-49b1-a32f-ba0e49b8e378
04/06/2022,Saturday U16 Boys Division 3,Round 6,Rebels U16 Boys Red,,,Magic U16 Boys Purple,,,,UPCOMING,Dallas Brooks Community Primary School,Court 1,14:30:00,25d540,,Coburg Basketball Association,Junior Domestic,DOMESTIC,Winter 2022,25d54089-2d80-4344-a64b-d80092bcda0f
04/06/2022,Saturday U16 Girls Division 1/2,Round 6,St Fidelis U16 Girls Blue,,,Magic U16 Girls Gold,,,,UPCOMING,Coburg Senior High School,Court 1,13:45:00,1445cc,,Coburg Basketball Association,Junior Domestic,DOMESTIC,Winter 2022,1445cca8-a970-405e-b00e-1de11ae0b4b5
04/06/2022,Saturday U8 Mixed Division 1/2,Round 6,Magic U8 Mixed Purple,,,St Fidelis U8 Mixed Yellow,,,,UPCOMING,Coburg Basketball Stadium,Court 4,08:30:00,daba86,,Coburg Basketball Association,Junior Domestic,DOMESTIC,Winter 2022,daba8665-cf0b-47e5-978f-f43adaec97cf
18/06/2022,Saturday U10 Boys Division 3,Round 7,Magic U10 Boys Purple,,,Magic U10 Boys Gold,,,,UPCOMING,St John's College (Preston),Court 1,09:15:00,c233eb,,Coburg Basketball Association,Junior Domestic,DOMESTIC,Winter 2022,c233eb2b-d974-41b1-a600-28048611a1c6
18/06/2022,Saturday U10 Girls Division 2,Round 7,Thunder U10 Girls Blue,,,Magic U10 Girls Purple,,,,UPCOMING,Mercy College,Court 1,08:30:00,fa4ee3,,Coburg Basketball Association,Junior Domestic,DOMESTIC,Winter 2022,fa4ee385-1dac-4dc7-a38d-8ab2a4d46d46
18/06/2022,Saturday U10 Girls Division 2,Round 7,Magic U10 Girls Gold,,,Warriors U10 Girls,,,,UPCOMING,Coburg Basketball Stadium,Court 3,09:15:00,c0d662,,Coburg Basketball Association,Junior Domestic,DOMESTIC,Winter 2022,c0d66216-abf8-417b-b267-f7cd86611926
18/06/2022,Saturday U12 Boys Division 1,Round 7,Magic U12 Boys Purple,,,Jets U12 Boys Yellow,,,,UPCOMING,Northcote High School,Court 1,09:15:00,096d7c,,Coburg Basketball Association,Junior Domestic,DOMESTIC,Winter 2022,096d7c54-e364-4375-b55a-231e691b95ef
18/06/2022,Saturday U12 Boys Division 2,Round 7,Magic U12 Boys Gold,,,Panthers U12 Boys Green,,,,UPCOMING,Dallas Brooks Community Primary School,Court 2,10:00:00,eb9d82,,Coburg Basketball Association,Junior Domestic,DOMESTIC,Winter 2022,eb9d8227-dc93-4dc8-a2b8-17332eaedc7b
18/06/2022,Saturday U12 Boys Division 3,Round 7,Magic U12 Boys Black,,,St Fidelis U12 Boys Gold,,,,UPCOMING,Oak Park Stadium,Court 1,10:00:00,f3f016,,Coburg Basketball Association,Junior Domestic,DOMESTIC,Winter 2022,f3f01606-4ec6-4096-aa5d-937c68034ac2
18/06/2022,Saturday U12 Boys Division 4,Round 7,Magic U12 Boys Diamond,,,Newlands U12 Boys KINGS,,,,UPCOMING,Coburg Basketball Stadium,Court 3,10:00:00,7c04ad,,Coburg Basketball Association,Junior Domestic,DOMESTIC,Winter 2022,7c04ad6e-2127-445b-b0a2-64219a9d484d
18/06/2022,Saturday U12 Girls Division 1/2,Round 7,Magic U12 Girls Purple,,,Panthers U12 Girls Green,,,,UPCOMING,Coburg Basketball Stadium,Court 2,10:45:00,69733c,,Coburg Basketball Association,Junior Domestic,DOMESTIC,Winter 2022,69733cf3-e50e-4428-8b7b-07870dc8e256
18/06/2022,Saturday U12 Girls Division 3/4,Round 7,Magic U12 Girls Black,,,St Fidelis U12 Girls Blue,,,,UPCOMING,Pascoe Vale Girls College,Court 1,10:45:00,5675fe,,Coburg Basketball Association,Junior Domestic,DOMESTIC,Winter 2022,5675fe8a-1b21-4f25-a953-608c3229d114
18/06/2022,Saturday U12 Girls Division 3/4,Round 7,St Fidelis U12 Girls Green,,,Magic U12 Girls Gold,,,,UPCOMING,Coburg Basketball Stadium,Court 4,10:45:00,741f90,,Coburg Basketball Association,Junior Domestic,DOMESTIC,Winter 2022,741f90cd-d642-49d0-bd34-af75b46f387b
18/06/2022,Saturday U14 Boys Division 3,Round 7,Piranhas U14 Boys Silver,,,Magic U14 Boys Black,,,,UPCOMING,Coburg Basketball Stadium,Court 2,11:30:00,724199,,Coburg Basketball Association,Junior Domestic,DOMESTIC,Winter 2022,7241996c-4364-4d0c-a680-25876c238647
18/06/2022,Saturday U14 Boys Division 5,Round 7,Newlands U14 Boys DRAGONS,,,Magic U14 Boys Purple,,,,UPCOMING,Coburg Basketball Stadium,Court 4,11:30:00,b98e19,,Coburg Basketball Association,Junior Domestic,DOMESTIC,Winter 2022,b98e19b5-6a79-4253-bb5b-8149ba69112e
18/06/2022,Saturday U14 Boys Division 5,Round 7,Warriors U14 Boys White,,,Magic U14 Boys Gold,,,,UPCOMING,Pascoe Vale Girls College,Court 1,11:30:00,dd4c0c,,Coburg Basketball Association,Junior Domestic,DOMESTIC,Winter 2022,dd4c0cc2-f562-431e-a6ab-c5fe4c208b71
18/06/2022,Saturday U14 Girls Division 3,Round 7,Magic U14 Girls Gold,,,St Fidelis U14 Girls White,,,,UPCOMING,Dallas Brooks Community Primary School,Court 1,12:15:00,c8c536,,Coburg Basketball Association,Junior Domestic,DOMESTIC,Winter 2022,c8c53614-4b33-4a86-8751-5da3034bced8
18/06/2022,Saturday U14 Girls Division 3,Round 7,SUBC-CG141,,,Magic U14 Girls Purple,,,,UPCOMING,Dallas Brooks Community Primary School,Court 2,13:00:00,d8a124,,Coburg Basketball Association,Junior Domestic,DOMESTIC,Winter 2022,d8a12436-637e-4499-9624-5988c62e51d6
18/06/2022,Saturday U16 Boys Division 2,Round 7,Magic U16 Boys Gold,,,Newlands U16 Boys NETS,,,,UPCOMING,Coburg Senior High School,Court 1,13:00:00,80a3d1,,Coburg Basketball Association,Junior Domestic,DOMESTIC,Winter 2022,80a3d110-9a53-4dcb-90df-20170a26e174
18/06/2022,Saturday U16 Boys Division 3,Round 7,Magic U16 Boys Purple,,,Jets U16 Boys Yellow,,,,UPCOMING,Pascoe Vale Girls College,Court 1,13:00:00,aaa1fc,,Coburg Basketball Association,Junior Domestic,DOMESTIC,Winter 2022,aaa1fccd-aec1-422b-907a-9fed6d3b0b02
18/06/2022,Saturday U16 Girls Division 1/2,Round 7,Magic U16 Girls Gold,,,Newlands U16 Girls LYNX,,,,UPCOMING,Coburg Basketball Stadium,Court 1,13:45:00,053d38,,Coburg Basketball Association,Junior Domestic,DOMESTIC,Winter 2022,053d384d-9225-4aa8-85fa-44ae61078824
18/06/2022,Saturday U8 Mixed Division 1/2,Round 7,Panthers U8 Mixed Green,,,Magic U8 Mixed Purple,,,,UPCOMING,Coburg Basketball Stadium,Court 4,08:30:00,850752,,Coburg Basketball Association,Junior Domestic,DOMESTIC,Winter 2022,85075207-0f40-46e1-8293-838beafc90ba
25/06/2022,Saturday U10 Boys Division 3,Round 8,Rebels U10 Boys Blue,,,Magic U10 Boys Purple,,,,UPCOMING,Dallas Brooks Community Primary School,Court 2,09:15:00,18152c,,Coburg Basketball Association,Junior Domestic,DOMESTIC,Winter 2022,18152c27-9dde-4d00-aceb-103bf01793fb
25/06/2022,Saturday U10 Boys Division 3,Round 8,Piranhas U10 Mixed Indigo,,,Magic U10 Boys Gold,,,,UPCOMING,St John's College (Preston),Court 1,09:15:00,8c6421,,Coburg Basketball Association,Junior Domestic,DOMESTIC,Winter 2022,8c64219d-9940-4633-8336-5c474244f487
25/06/2022,Saturday U10 Girls Division 2,Round 8,Magic U10 Girls Purple,,,Newlands U10 Girls CHEETAHS,,,,UPCOMING,Pascoe Vale Girls College,Court 1,09:15:00,9626c8,,Coburg Basketball Association,Junior Domestic,DOMESTIC,Winter 2022,9626c845-57de-4f69-859d-b0ba4efd75d7
25/06/2022,Saturday U10 Girls Division 2,Round 8,SUBC-CG101,,,Magic U10 Girls Gold,,,,UPCOMING,Oak Park Stadium,Court 1,09:15:00,e52d36,,Coburg Basketball Association,Junior Domestic,DOMESTIC,Winter 2022,e52d36b0-9c94-4253-83ac-f6bdad309338
25/06/2022,Saturday U12 Boys Division 1,Round 8,Warriors U12 Boys Red,,,Magic U12 Boys Purple,,,,UPCOMING,Northcote High School,Court 1,09:15:00,ed4814,,Coburg Basketball Association,Junior Domestic,DOMESTIC,Winter 2022,ed481424-5f4c-4398-a9ff-9c2299b1d0e7
25/06/2022,Saturday U12 Boys Division 2,Round 8,Newlands U12 Boys LAKERS,,,Magic U12 Boys Gold,,,,UPCOMING,Dallas Brooks Community Primary School,Court 2,10:00:00,6b4578,,Coburg Basketball Association,Junior Domestic,DOMESTIC,Winter 2022,6b457833-2cd9-41a0-9483-bdc6d8bd19c8
25/06/2022,Saturday U12 Boys Division 3,Round 8,Warriors U12 Boys Orange,,,Magic U12 Boys Black,,,,UPCOMING,Mercy College,Court 1,10:00:00,7de1a3,,Coburg Basketball Association,Junior Domestic,DOMESTIC,Winter 2022,7de1a33d-a752-4aef-9755-66fcca49f632
25/06/2022,Saturday U12 Boys Division 4,Round 8,Newlands U12 Boys SUNS,,,Magic U12 Boys Diamond,,,,UPCOMING,St John's College (Preston),Court 1,10:00:00,d919f8,,Coburg Basketball Association,Junior Domestic,DOMESTIC,Winter 2022,d919f899-8e31-4c7a-b0c7-a07a8b3f9ac1
25/06/2022,Saturday U12 Girls Division 1/2,Round 8,Warriors U12 Girls,,,Magic U12 Girls Purple,,,,UPCOMING,Coburg Senior High School,Court 1,10:45:00,6e80a2,,Coburg Basketball Association,Junior Domestic,DOMESTIC,Winter 2022,6e80a281-bc21-4ed8-8cc4-9ceb6a5fab4a
25/06/2022,Saturday U12 Girls Division 3/4,Round 8,Newlands U12 Girls LEOPARDS,,,Magic U12 Girls Black,,,,UPCOMING,St John's College (Preston),Court 1,10:45:00,9ae6e1,,Coburg Basketball Association,Junior Domestic,DOMESTIC,Winter 2022,9ae6e129-9a8c-4107-9ba6-650f8ff81901
25/06/2022,Saturday U12 Girls Division 3/4,Round 8,Rebels U12 Girls White,,,Magic U12 Girls Gold,,,,UPCOMING,Coburg Basketball Stadium,Court 4,10:45:00,24e5a8,,Coburg Basketball Association,Junior Domestic,DOMESTIC,Winter 2022,24e5a8d7-553f-4864-80ac-5ffa7a549a85
25/06/2022,Saturday U14 Boys Division 3,Round 8,Magic U14 Boys Black,,,Mighty Wolves,,,,UPCOMING,Northcote High School,Court 1,11:30:00,c8b625,,Coburg Basketball Association,Junior Domestic,DOMESTIC,Winter 2022,c8b62586-f51f-4163-befc-4a3d060e2e9f
25/06/2022,Saturday U14 Boys Division 5,Round 8,Magic U14 Boys Purple,,,St Fidelis U14 Boys White,,,,UPCOMING,Pascoe Vale Girls College,Court 1,11:30:00,d74fa6,,Coburg Basketball Association,Junior Domestic,DOMESTIC,Winter 2022,d74fa62e-4e45-44de-a1d9-744105de9e5e
25/06/2022,Saturday U14 Boys Division 5,Round 8,Magic U14 Boys Gold,,,St Fidelis U14 Boys Green,,,,UPCOMING,Northcote High School,Court 1,12:15:00,a35e00,,Coburg Basketball Association,Junior Domestic,DOMESTIC,Winter 2022,a35e008b-b5e5-487e-aa6b-32c70ea3127f
25/06/2022,Saturday U14 Girls Division 3,Round 8,Magic U14 Girls Purple,,,Magic U14 Girls Gold,,,,UPCOMING,Oak Park Stadium,Court 1,12:15:00,819ccc,,Coburg Basketball Association,Junior Domestic,DOMESTIC,Winter 2022,819ccc6b-2e4c-45f2-a242-a0f4d6ccc605
25/06/2022,Saturday U16 Boys Division 2,Round 8,Magic U16 Boys Gold,,,Newlands U16 Boys CITY,,,,UPCOMING,Pascoe Vale Girls College,Court 1,13:45:00,d20b62,,Coburg Basketball Association,Junior Domestic,DOMESTIC,Winter 2022,d20b62b2-589b-450b-8d9c-af8b7ef56d48
25/06/2022,Saturday U16 Boys Division 3,Round 8,Thunder U16 Boys Silver,,,Magic U16 Boys Purple,,,,UPCOMING,Dallas Brooks Community Primary School,Court 2,13:45:00,bb4127,,Coburg Basketball Association,Junior Domestic,DOMESTIC,Winter 2022,bb41270b-91b7-4cf5-99ac-646961f84b35
25/06/2022,Saturday U16 Girls Division 1/2,Round 8,STARS U16 Girls JC,,,Magic U16 Girls Gold,,,,UPCOMING,Coburg Basketball Stadium,Court 4,13:45:00,14c8f6,,Coburg Basketball Association,Junior Domestic,DOMESTIC,Winter 2022,14c8f68c-4b6d-4f2f-beb4-223b1ad94a72
25/06/2022,Saturday U8 Mixed Division 1/2,Round 8,Magic U8 Mixed Purple,,,St Fidelis U8 Mixed Green,,,,UPCOMING,Coburg Basketball Stadium,Court 3,08:30:00,29a106,,Coburg Basketball Association,Junior Domestic,DOMESTIC,Winter 2022,29a106fc-d870-4c03-a249-f4f1db02282b
09/07/2022,Saturday U10 Boys Division 3,Round 9,Magic U10 Boys Purple,,,Panthers U10 Boys Black,,,,UPCOMING,Coburg Basketball Stadium,Court 2,09:15:00,b37a3c,,Coburg Basketball Association,Junior Domestic,DOMESTIC,Winter 2022,b37a3c51-8637-4613-b19d-a6c10ef0b75f
09/07/2022,Saturday U10 Boys Division 3,Round 9,Magic U10 Boys Gold,,,Rebels U10 Boys Red,,,,UPCOMING,Dallas Brooks Community Primary School,Court 2,09:15:00,e5ba2a,,Coburg Basketball Association,Junior Domestic,DOMESTIC,Winter 2022,e5ba2a9e-4034-462b-be79-b8f74626e6ab
09/07/2022,Saturday U10 Girls Division 2,Round 9,Magic U10 Girls Gold,,,Rebels U10 Girls Red,,,,UPCOMING,Pascoe Vale Girls College,Court 1,09:15:00,daad3b,,Coburg Basketball Association,Junior Domestic,DOMESTIC,Winter 2022,daad3bc2-01c4-433a-b1c1-2333f65d4aec
09/07/2022,Saturday U10 Girls Division 2,Round 9,Warriors U10 Girls,,,Magic U10 Girls Purple,,,,UPCOMING,Oak Park Stadium,Court 1,09:15:00,6eaf1b,,Coburg Basketball Association,Junior Domestic,DOMESTIC,Winter 2022,6eaf1b72-724e-4bbb-8afd-d027d9379117
09/07/2022,Saturday U12 Boys Division 1,Round 9,Magic U12 Boys Purple,,,St Fidelis U12 Boys Black,,,,UPCOMING,Dallas Brooks Community Primary School,Court 1,09:15:00,3c0818,,Coburg Basketball Association,Junior Domestic,DOMESTIC,Winter 2022,3c08185b-7c74-4061-862f-bafb83e01e1a
09/07/2022,Saturday U12 Boys Division 2,Round 9,Magic U12 Boys Gold,,,Rebels U12 Boys Red,,,,UPCOMING,Coburg Basketball Stadium,Court 2,10:00:00,265c5a,,Coburg Basketball Association,Junior Domestic,DOMESTIC,Winter 2022,265c5aa8-1bed-4e6e-945c-1c1a77f02406
09/07/2022,Saturday U12 Boys Division 3,Round 9,Magic U12 Boys Black,,,Piranhas U12 Boys Purple,,,,UPCOMING,Northcote High School,Court 1,10:00:00,ae2895,,Coburg Basketball Association,Junior Domestic,DOMESTIC,Winter 2022,ae289598-9d8c-4508-b482-90a720aea615
09/07/2022,Saturday U12 Boys Division 4,Round 9,Magic U12 Boys Diamond,,,Thunder U12 Boys Blue,,,,UPCOMING,Dallas Brooks Community Primary School,Court 1,10:00:00,bd8629,,Coburg Basketball Association,Junior Domestic,DOMESTIC,Winter 2022,bd8629e9-42e3-4693-9e8a-9c642992fd88
09/07/2022,Saturday U12 Girls Division 1/2,Round 9,Magic U12 Girls Purple,,,Jets U12 Girls Yellow,,,,UPCOMING,Coburg Basketball Stadium,Court 1,10:45:00,736d10,,Coburg Basketball Association,Junior Domestic,DOMESTIC,Winter 2022,736d1090-6028-4d4f-b71b-b9dce1b0ef76
09/07/2022,Saturday U12 Girls Division 3/4,Round 9,Magic U12 Girls Gold,,,Thunder U12 Girls Blue,,,,UPCOMING,Dallas Brooks Community Primary School,Court 1,10:45:00,b3cb14,,Coburg Basketball Association,Junior Domestic,DOMESTIC,Winter 2022,b3cb14c9-fd3b-41ad-b3e7-dc80bd822585
09/07/2022,Saturday U12 Girls Division 3/4,Round 9,,,,,,,Magic U12 Girls Black,,,,,,,Coburg Basketball Association,Junior Domestic,DOMESTIC,Winter 2022,
09/07/2022,Saturday U14 Boys Division 3,Round 9,Rebels U14 Boys Blue,,,Magic U14 Boys Black,,,,UPCOMING,St John's College (Preston),Court 1,11:30:00,445d71,,Coburg Basketball Association,Junior Domestic,DOMESTIC,Winter 2022,445d7176-ee6c-45d4-b55a-b5ca8f01d64b
09/07/2022,Saturday U14 Boys Division 5,Round 9,Thunder U14 Boys Grey,,,Magic U14 Boys Purple,,,,UPCOMING,Northcote High School,Court 1,12:15:00,3e3e22,,Coburg Basketball Association,Junior Domestic,DOMESTIC,Winter 2022,3e3e22f1-2a45-40d7-95d4-bb7047fee083
09/07/2022,Saturday U14 Boys Division 5,Round 9,Thunder U14 Boys Blue,,,Magic U14 Boys Gold,,,,UPCOMING,Mercy College,Court 1,12:15:00,e13a91,,Coburg Basketball Association,Junior Domestic,DOMESTIC,Winter 2022,e13a91d5-caaf-4cd6-903b-35c455d24fae
09/07/2022,Saturday U14 Girls Division 3,Round 9,Magic U14 Girls Gold,,,St Fidelis U14 Girls Silver,,,,UPCOMING,Northcote High School,Court 1,13:00:00,b0c7dc,,Coburg Basketball Association,Junior Domestic,DOMESTIC,Winter 2022,b0c7dc12-7fab-40b6-9fb1-d7fb2f88483c
09/07/2022,Saturday U14 Girls Division 3,Round 9,STARS U14 Girls Yellow,,,Magic U14 Girls Purple,,,,UPCOMING,Dallas Brooks Community Primary School,Court 2,13:00:00,21ddca,,Coburg Basketball Association,Junior Domestic,DOMESTIC,Winter 2022,21ddca8e-e1f7-43c4-9b67-037585c1f4b1
09/07/2022,Saturday U16 Boys Division 2,Round 9,Piranhas U16 Boys Red,,,Magic U16 Boys Gold,,,,UPCOMING,Dallas Brooks Community Primary School,Court 1,13:00:00,99efe1,,Coburg Basketball Association,Junior Domestic,DOMESTIC,Winter 2022,99efe130-f601-4b7f-bd8c-edf590cbc855
09/07/2022,Saturday U16 Boys Division 3,Round 9,Magic U16 Boys Purple,,,Panthers U16 Boys Charcoal,,,,UPCOMING,Coburg Basketball Stadium,Court 3,13:00:00,ade78b,,Coburg Basketball Association,Junior Domestic,DOMESTIC,Winter 2022,ade78bbd-8a83-4ef0-a0ff-76e699a0ef19
09/07/2022,Saturday U16 Girls Division 1/2,Round 9,,,,,,,Magic U16 Girls Gold,,,,,,,Coburg Basketball Association,Junior Domestic,DOMESTIC,Winter 2022,
09/07/2022,Saturday U8 Mixed Division 1/2,Round 9,Rebels U8 Mixed Red,,,Magic U8 Mixed Purple,,,,UPCOMING,Oak Park Stadium,Court 1,08:30:00,93bf77,,Coburg Basketball Association,Junior Domestic,DOMESTIC,Winter 2022,93bf7760-0555-4326-9df6-8292431fb911
16/07/2022,Saturday U10 Boys Division 3,Round 10,STARS U10 Boys EW,,,Magic U10 Boys Purple,,,,UPCOMING,Coburg Basketball Stadium,Court 1,09:15:00,89e463,,Coburg Basketball Association,Junior Domestic,DOMESTIC,Winter 2022,89e463b8-9394-483c-aff2-24bacdfe90bf
16/07/2022,Saturday U10 Boys Division 3,Round 10,Jets U10 Boys Yellow,,,Magic U10 Boys Gold,,,,UPCOMING,Coburg Basketball Stadium,Court 2,09:15:00,d01901,,Coburg Basketball Association,Junior Domestic,DOMESTIC,Winter 2022,d0190136-5d22-4cb7-8003-2995a82e0793
16/07/2022,Saturday U10 Girls Division 2,Round 10,Panthers U10 Girls Black,,,Magic U10 Girls Gold,,,,UPCOMING,Mercy College,Court 1,08:30:00,54bc82,,Coburg Basketball Association,Junior Domestic,DOMESTIC,Winter 2022,54bc82e0-dc63-47d7-8eb5-3000398c3e99
16/07/2022,Saturday U10 Girls Division 2,Round 10,Magic U10 Girls Purple,,,SUBC-CG101,,,,UPCOMING,Coburg Basketball Stadium,Court 3,09:15:00,c82039,,Coburg Basketball Association,Junior Domestic,DOMESTIC,Winter 2022,c82039f3-18cf-435a-9cc6-d55626f98c17
16/07/2022,Saturday U12 Boys Division 1,Round 10,Piranhas U12 Boys Gold,,,Magic U12 Boys Purple,,,,UPCOMING,Coburg Basketball Stadium,Court 1,10:00:00,8649a2,,Coburg Basketball Association,Junior Domestic,DOMESTIC,Winter 2022,8649a299-9570-465d-9c27-a137644350e6
16/07/2022,Saturday U12 Boys Division 2,Round 10,Jets U12 Boys Red,,,Magic U12 Boys Gold,,,,UPCOMING,Coburg Senior High School,Court 1,10:00:00,0745ca,,Coburg Basketball Association,Junior Domestic,DOMESTIC,Winter 2022,0745ca35-ebb2-4f00-86e3-91b9f5c32a15
16/07/2022,Saturday U12 Boys Division 3,Round 10,,,,,,,Magic U12 Boys Black,,,,,,,Coburg Basketball Association,Junior Domestic,DOMESTIC,Winter 2022,
16/07/2022,Saturday U12 Boys Division 4,Round 10,Warriors U12 Boys White,,,Magic U12 Boys Diamond,,,,UPCOMING,St John's College (Preston),Court 1,10:00:00,9bd79d,,Coburg Basketball Association,Junior Domestic,DOMESTIC,Winter 2022,9bd79d01-fb46-4052-bdf6-2fb5249a8b1a
16/07/2022,Saturday U12 Girls Division 1/2,Round 10,STARS U12 Girls MJ,,,Magic U12 Girls Purple,,,,UPCOMING,Coburg Senior High School,Court 1,10:45:00,dba029,,Coburg Basketball Association,Junior Domestic,DOMESTIC,Winter 2022,dba029ef-1da7-4a87-9713-9b6a723c3765
16/07/2022,Saturday U12 Girls Division 3/4,Round 10,Magic U12 Girls Black,,,St Fidelis U12 Girls Green,,,,UPCOMING,St John's College (Preston),Court 1,10:45:00,2bee62,,Coburg Basketball Association,Junior Domestic,DOMESTIC,Winter 2022,2bee62d8-37ab-4191-aead-cdde46511ea8
16/07/2022,Saturday U12 Girls Division 3/4,Round 10,Melbourne Warriors u/12g,,,Magic U12 Girls Gold,,,,UPCOMING,Pascoe Vale Girls College,Court 1,10:45:00,bd1885,,Coburg Basketball Association,Junior Domestic,DOMESTIC,Winter 2022,bd188520-1092-4bd2-ad30-dc87d49cc9cf
16/07/2022,Saturday U14 Boys Division 3,Round 10,Magic U14 Boys Black,,,St Fidelis U14 Boys Black,,,,UPCOMING,Mercy College,Court 1,11:30:00,1461fa,,Coburg Basketball Association,Junior Domestic,DOMESTIC,Winter 2022,1461fa07-da2e-4d32-b5d1-3cb31d6b4098
16/07/2022,Saturday U14 Boys Division 5,Round 10,Magic U14 Boys Purple,,,Magic U14 Boys Gold,,,,UPCOMING,Mercy College,Court 1,12:15:00,5135f9,,Coburg Basketball Association,Junior Domestic,DOMESTIC,Winter 2022,5135f951-f0cc-4acc-bd57-8766c9b97a7e
16/07/2022,Saturday U14 Girls Division 3,Round 10,Magic U14 Girls Purple,,,Jets U14 Girls Yellow,,,,UPCOMING,Oak Park Stadium,Court 1,12:15:00,5a6c33,,Coburg Basketball Association,Junior Domestic,DOMESTIC,Winter 2022,5a6c3336-25b5-49f9-a676-f50669d87b9d
16/07/2022,Saturday U14 Girls Division 3,Round 10,STARS U14 Girls Yellow,,,Magic U14 Girls Gold,,,,UPCOMING,Dallas Brooks Community Primary School,Court 2,13:00:00,dc1956,,Coburg Basketball Association,Junior Domestic,DOMESTIC,Winter 2022,dc195629-7a9b-4dc6-bc8d-844f795ab675
16/07/2022,Saturday U16 Boys Division 2,Round 10,Jets U16 Boys Orange,,,Magic U16 Boys Gold,,,,UPCOMING,Coburg Basketball Stadium,Court 2,13:00:00,3575ca,,Coburg Basketball Association,Junior Domestic,DOMESTIC,Winter 2022,3575ca4c-5557-4e45-995a-8277aa1eb036
16/07/2022,Saturday U16 Boys Division 3,Round 10,STARS U16 Boys KG,,,Magic U16 Boys Purple,,,,UPCOMING,Dallas Brooks Community Primary School,Court 2,13:45:00,e9d8c4,,Coburg Basketball Association,Junior Domestic,DOMESTIC,Winter 2022,e9d8c4c3-0975-4c65-8259-fea1e96bb762
16/07/2022,Saturday U16 Girls Division 1/2,Round 10,Magic U16 Girls Gold,,,Jets U16 Girls Blue,,,,UPCOMING,Coburg Basketball Stadium,Court 4,13:45:00,7f41a2,,Coburg Basketball Association,Junior Domestic,DOMESTIC,Winter 2022,7f41a273-00d3-47d4-8c99-e95fbbfaa3ad
16/07/2022,Saturday U8 Mixed Division 1/2,Round 10,Magic U8 Mixed Purple,,,SUBC-CG81,,,,UPCOMING,Coburg Basketball Stadium,Court 1,08:30:00,08deb4,,Coburg Basketball Association,Junior Domestic,DOMESTIC,Winter 2022,08deb432-7b06-4db8-bfbd-ba44e36eebb3
23/07/2022,Saturday U10 Boys Division 3,Round 11,Magic U10 Boys Purple,,,Newlands U10 Boys GATORS,,,,UPCOMING,St John's College (Preston),Court 1,08:30:00,b0c8b0,,Coburg Basketball Association,Junior Domestic,DOMESTIC,Winter 2022,b0c8b0e5-0721-49dc-900c-901aa89a5dce
23/07/2022,Saturday U10 Boys Division 3,Round 11,Magic U10 Boys Gold,,,Newlands U10 Boys MINIONS,,,,UPCOMING,Coburg Basketball Stadium,Court 1,09:15:00,641158,,Coburg Basketball Association,Junior Domestic,DOMESTIC,Winter 2022,64115827-84a7-49b9-b3d0-b639a6ff3e1d
23/07/2022,Saturday U10 Girls Division 2,Round 11,Magic U10 Girls Gold,,,Jets U10 Girls Yellow,,,,UPCOMING,Coburg Senior High School,Court 1,09:15:00,2ef063,,Coburg Basketball Association,Junior Domestic,DOMESTIC,Winter 2022,2ef063e5-c4fa-44e4-8375-fa78e8f6daaf
23/07/2022,Saturday U10 Girls Division 2,Round 11,Magic U10 Girls Purple,,,Rebels U10 Girls Red,,,,UPCOMING,Coburg Basketball Stadium,Court 3,09:15:00,51944b,,Coburg Basketball Association,Junior Domestic,DOMESTIC,Winter 2022,51944b4b-72fa-479c-98ab-150740714958
23/07/2022,Saturday U12 Boys Division 1,Round 11,Magic U12 Boys Purple,,,STARS U12 Boys SR,,,,UPCOMING,Dallas Brooks Community Primary School,Court 1,09:15:00,0af54b,,Coburg Basketball Association,Junior Domestic,DOMESTIC,Winter 2022,0af54bd8-d78d-4a63-b6e0-3c235035ed91
23/07/2022,Saturday U12 Boys Division 2,Round 11,Magic U12 Boys Gold,,,Warriors U12 Boys Black,,,,UPCOMING,Coburg Basketball Stadium,Court 2,10:00:00,69406a,,Coburg Basketball Association,Junior Domestic,DOMESTIC,Winter 2022,69406aa4-391e-478e-8c9c-6fc9369ac833
23/07/2022,Saturday U12 Boys Division 3,Round 11,St Fidelis U12 Boys Red,,,Magic U12 Boys Black,,,,UPCOMING,Northcote High School,Court 1,10:00:00,f0cfaf,,Coburg Basketball Association,Junior Domestic,DOMESTIC,Winter 2022,f0cfaf75-41c4-46fd-8c95-195e12e32a7c
23/07/2022,Saturday U12 Boys Division 4,Round 11,Magic U12 Boys Diamond,,,Jets U12 Boys Blue,,,,UPCOMING,Coburg Basketball Stadium,Court 3,10:00:00,6508a2,,Coburg Basketball Association,Junior Domestic,DOMESTIC,Winter 2022,6508a20e-1dd6-4c61-8c75-cb5beff5c85c
23/07/2022,Saturday U12 Girls Division 1/2,Round 11,Magic U12 Girls Purple,,,Newlands U12 Girls COYOTES,,,,UPCOMING,Coburg Basketball Stadium,Court 2,10:45:00,02e61c,,Coburg Basketball Association,Junior Domestic,DOMESTIC,Winter 2022,02e61cf2-b4bb-4ad5-bced-a955d2fd0254
23/07/2022,Saturday U12 Girls Division 3/4,Round 11,Magic U12 Girls Gold,,,STARS U12 Girls U12 EW,,,,UPCOMING,St John's College (Preston),Court 1,10:45:00,4d987d,,Coburg Basketball Association,Junior Domestic,DOMESTIC,Winter 2022,4d987d27-55f8-4bfc-851f-ef19d75b2656
23/07/2022,Saturday U12 Girls Division 3/4,Round 11,Rebels U12 Girls White,,,Magic U12 Girls Black,,,,UPCOMING,Pascoe Vale Girls College,Court 1,10:45:00,3a4198,,Coburg Basketball Association,Junior Domestic,DOMESTIC,Winter 2022,3a4198ee-6a20-4bc4-8629-09add1fe22af
23/07/2022,Saturday U14 Boys Division 3,Round 11,Magic U14 Boys Black,,,Newlands U14 Boys GLORY,,,,UPCOMING,Mercy College,Court 1,11:30:00,82c49f,,Coburg Basketball Association,Junior Domestic,DOMESTIC,Winter 2022,82c49f6b-aae2-4b57-b755-1716d3b8bf37
23/07/2022,Saturday U14 Boys Division 5,Round 11,Magic U14 Boys Gold,,,Newlands U14 Boys DRAGONS,,,,UPCOMING,Northcote High School,Court 1,12:15:00,5a70f8,,Coburg Basketball Association,Junior Domestic,DOMESTIC,Winter 2022,5a70f80d-a985-45d8-be3b-c87f9d5f136a
23/07/2022,Saturday U14 Boys Division 5,Round 11,Magic U14 Boys Purple,,,Newlands U14 Boys REDBACKS,,,,UPCOMING,Mercy College,Court 1,12:15:00,8fa6bb,,Coburg Basketball Association,Junior Domestic,DOMESTIC,Winter 2022,8fa6bb81-9e41-4bcd-a37b-404ee816e385
23/07/2022,Saturday U14 Girls Division 3,Round 11,St Fidelis U14 Girls White,,,Magic U14 Girls Purple,,,,UPCOMING,Northcote High School,Court 1,13:00:00,207889,,Coburg Basketball Association,Junior Domestic,DOMESTIC,Winter 2022,207889a7-890f-4e6d-b74d-b2d9122d26e4
23/07/2022,Saturday U14 Girls Division 3,Round 11,Magic U14 Girls Gold,,,Rebels U14 Girls White,,,,UPCOMING,Dallas Brooks Community Primary School,Court 2,13:00:00,9d653b,,Coburg Basketball Association,Junior Domestic,DOMESTIC,Winter 2022,9d653b05-2e43-466f-abb2-d756b814b810
23/07/2022,Saturday U16 Boys Division 2,Round 11,Magic U16 Boys Gold,,,St Fidelis U16 Boys Gold,,,,UPCOMING,Coburg Senior High School,Court 1,13:00:00,9c7b0d,,Coburg Basketball Association,Junior Domestic,DOMESTIC,Winter 2022,9c7b0d2e-99f0-4b2e-9289-3a42321e46fb
23/07/2022,Saturday U16 Boys Division 3,Round 11,Magic U16 Boys Purple,,,St Fidelis U16 Boys Purple,,,,UPCOMING,Pascoe Vale Girls College,Court 1,13:00:00,3ff326,,Coburg Basketball Association,Junior Domestic,DOMESTIC,Winter 2022,3ff326ca-31a3-4d33-9599-b797c2fa91d6
23/07/2022,Saturday U16 Girls Division 1/2,Round 11,Warriors U16 Girls Orange,,,Magic U16 Girls Gold,,,,UPCOMING,Coburg Basketball Stadium,Court 1,13:45:00,2e894c,,Coburg Basketball Association,Junior Domestic,DOMESTIC,Winter 2022,2e894ca3-0750-47f8-9552-b41068e2db83
23/07/2022,Saturday U8 Mixed Division 1/2,Round 11,Melbourne Warriors U8s Mixed,,,Magic U8 Mixed Purple,,,,UPCOMING,Pascoe Vale Girls College,Court 1,08:30:00,77bd4f,,Coburg Basketball Association,Junior Domestic,DOMESTIC,Winter 2022,77bd4f22-b7a8-4c5c-8cc9-81ffc06d19a7
30/07/2022,Saturday U10 Boys Division 3,Round 12,Warriors U10 Boys Orange,,,Magic U10 Boys Purple,,,,UPCOMING,Northcote High School,Court 1,08:30:00,9696ca,,Coburg Basketball Association,Junior Domestic,DOMESTIC,Winter 2022,9696cac2-8a07-45af-a422-43a93388f783
30/07/2022,Saturday U10 Boys Division 3,Round 12,Newlands U10 Boys BULLS,,,Magic U10 Boys Gold,,,,UPCOMING,St John's College (Preston),Court 1,08:30:00,6c9f3d,,Coburg Basketball Association,Junior Domestic,DOMESTIC,Winter 2022,6c9f3d54-90fd-4f41-8f35-3c96676492e9
30/07/2022,Saturday U10 Girls Division 2,Round 12,Newlands U10 Girls ELECTRIC SLOTHS,,,Magic U10 Girls Gold,,,,UPCOMING,Coburg Basketball Stadium,Court 4,09:15:00,196be0,,Coburg Basketball Association,Junior Domestic,DOMESTIC,Winter 2022,196be0d1-0aa1-47df-9c9a-4b3185d8e470
30/07/2022,Saturday U10 Girls Division 2,Round 12,Panthers U10 Girls Black,,,Magic U10 Girls Purple,,,,UPCOMING,Oak Park Stadium,Court 1,09:15:00,ea16b6,,Coburg Basketball Association,Junior Domestic,DOMESTIC,Winter 2022,ea16b68a-b686-4ec1-80fa-fef60593b509
30/07/2022,Saturday U12 Boys Division 1,Round 12,Jets U12 Boys Yellow,,,Magic U12 Boys Purple,,,,UPCOMING,Northcote High School,Court 1,09:15:00,3a3931,,Coburg Basketball Association,Junior Domestic,DOMESTIC,Winter 2022,3a3931f7-e7af-4b53-8bde-7bee9b6625cb
30/07/2022,Saturday U12 Boys Division 2,Round 12,Panthers U12 Boys Green,,,Magic U12 Boys Gold,,,,UPCOMING,Dallas Brooks Community Primary School,Court 2,10:00:00,85a364,,Coburg Basketball Association,Junior Domestic,DOMESTIC,Winter 2022,85a3643c-cf72-457d-9b63-15092a614695
30/07/2022,Saturday U12 Boys Division 3,Round 12,Magic U12 Boys Black,,,Panthers U12 Boys White,,,,UPCOMING,Mercy College,Court 1,10:00:00,4c6768,,Coburg Basketball Association,Junior Domestic,DOMESTIC,Winter 2022,4c6768c9-1989-4e83-9629-149111507da2
30/07/2022,Saturday U12 Boys Division 4,Round 12,Newlands U12 Boys COUGARS,,,Magic U12 Boys Diamond,,,,UPCOMING,Coburg Basketball Stadium,Court 4,10:00:00,e166ca,,Coburg Basketball Association,Junior Domestic,DOMESTIC,Winter 2022,e166ca84-d770-48fe-a872-c0e86e10d7cc
30/07/2022,Saturday U12 Girls Division 1/2,Round 12,Newlands U12 Girls HOOPS,,,Magic U12 Girls Purple,,,,UPCOMING,Coburg Basketball Stadium,Court 3,10:45:00,c6a7c7,,Coburg Basketball Association,Junior Domestic,DOMESTIC,Winter 2022,c6a7c708-44d3-4b46-be40-846e3f521161
30/07/2022,Saturday U12 Girls Division 3/4,Round 12,Magic U12 Girls Black,,,Thunder U12 Girls Blue,,,,UPCOMING,Dallas Brooks Community Primary School,Court 1,10:45:00,b26ccf,,Coburg Basketball Association,Junior Domestic,DOMESTIC,Winter 2022,b26ccf55-25ed-4f7e-a823-939d32cc0d10
30/07/2022,Saturday U12 Girls Division 3/4,Round 12,,,,,,,Magic U12 Girls Gold,,,,,,,Coburg Basketball Association,Junior Domestic,DOMESTIC,Winter 2022,
30/07/2022,Saturday U14 Boys Division 3,Round 12,Warriors U14 Boys Black,,,Magic U14 Boys Black,,,,UPCOMING,St John's College (Preston),Court 1,11:30:00,fda1c1,,Coburg Basketball Association,Junior Domestic,DOMESTIC,Winter 2022,fda1c16c-1a80-4fb9-b728-7ebcebc216af
30/07/2022,Saturday U14 Boys Division 5,Round 12,St Fidelis U14 Boys White,,,Magic U14 Boys Gold,,,,UPCOMING,Pascoe Vale Girls College,Court 1,11:30:00,821066,,Coburg Basketball Association,Junior Domestic,DOMESTIC,Winter 2022,8210663f-de7b-4093-ab3f-3f4bfdcb21c8
30/07/2022,Saturday U14 Boys Division 5,Round 12,Warriors U14 Boys White,,,Magic U14 Boys Purple,,,,UPCOMING,Northcote High School,Court 1,12:15:00,9b45bd,,Coburg Basketball Association,Junior Domestic,DOMESTIC,Winter 2022,9b45bd86-fc7a-45f9-9479-cbb91ce5a834
30/07/2022,Saturday U14 Girls Division 3,Round 12,Magic U14 Girls Purple,,,St Fidelis U14 Girls Silver,,,,UPCOMING,Dallas Brooks Community Primary School,Court 1,12:15:00,d812ab,,Coburg Basketball Association,Junior Domestic,DOMESTIC,Winter 2022,d812ab1e-a8e7-43ed-bada-c3e63fc16002
30/07/2022,Saturday U14 Girls Division 3,Round 12,Jets U14 Girls Yellow,,,Magic U14 Girls Gold,,,,UPCOMING,Northcote High School,Court 1,13:00:00,b0c3fc,,Coburg Basketball Association,Junior Domestic,DOMESTIC,Winter 2022,b0c3fc99-6f2f-4cb2-a3ad-4e515264fe2b
30/07/2022,Saturday U16 Boys Division 2,Round 12,STARS U16 Boys RW,,,Magic U16 Boys Gold,,,,UPCOMING,Coburg Basketball Stadium,Court 2,13:00:00,85b7fa,,Coburg Basketball Association,Junior Domestic,DOMESTIC,Winter 2022,85b7fa00-6e0f-4aa7-8e1c-a11f2c2a8c77
30/07/2022,Saturday U16 Boys Division 3,Round 12,Warriors U16 Boys White,,,Magic U16 Boys Purple,,,,UPCOMING,Dallas Brooks Community Primary School,Court 1,14:30:00,85adfa,,Coburg Basketball Association,Junior Domestic,DOMESTIC,Winter 2022,85adfaac-b276-4d9a-8bf5-34e63781a631
30/07/2022,Saturday U16 Girls Division 1/2,Round 12,Magic U16 Girls Gold,,,St Fidelis U16 Girls White,,,,UPCOMING,Coburg Senior High School,Court 1,13:45:00,c6a615,,Coburg Basketball Association,Junior Domestic,DOMESTIC,Winter 2022,c6a6153a-4d15-4747-94b9-85138a0f936c
30/07/2022,Saturday U8 Mixed Division 1/2,Round 12,Magic U8 Mixed Purple,,,Warriors U8 Mixed,,,,UPCOMING,Coburg Basketball Stadium,Court 2,08:30:00,d0698a,,Coburg Basketball Association,Junior Domestic,DOMESTIC,Winter 2022,d0698ad2-5789-4ae7-9ec4-b9c07901190a
06/08/2022,Saturday U10 Boys Division 3,Round 13,Magic U10 Boys Purple,,,Warriors U10 Boys White,,,,UPCOMING,Mercy College,Court 1,09:15:00,6ef6b4,,Coburg Basketball Association,Junior Domestic,DOMESTIC,Winter 2022,6ef6b470-1b48-411e-bc1f-0fb1ace3e00a
06/08/2022,Saturday U10 Boys Division 3,Round 13,Magic U10 Boys Gold,,,Warriors U10 Boys Black,,,,UPCOMING,Northcote High School,Court 1,08:30:00,326008,,Coburg Basketball Association,Junior Domestic,DOMESTIC,Winter 2022,326008a5-69ef-4692-be39-1a1958c1a05a
06/08/2022,Saturday U10 Girls Division 2,Round 13,Magic U10 Girls Purple,,,Jets U10 Girls Yellow,,,,UPCOMING,Pascoe Vale Girls College,Court 1,09:15:00,4fd99a,,Coburg Basketball Association,Junior Domestic,DOMESTIC,Winter 2022,4fd99a47-614f-4978-b5e5-48857dac33c2
06/08/2022,Saturday U10 Girls Division 2,Round 13,,,,,,,Magic U10 Girls Gold,,,,,,,Coburg Basketball Association,Junior Domestic,DOMESTIC,Winter 2022,
06/08/2022,Saturday U12 Boys Division 1,Round 13,Magic U12 Boys Purple,,,Warriors U12 Boys Red,,,,UPCOMING,Northcote High School,Court 1,09:15:00,dc32ba,,Coburg Basketball Association,Junior Domestic,DOMESTIC,Winter 2022,dc32ba4d-e9ff-4ce7-b0c6-ae18048676a4
06/08/2022,Saturday U12 Boys Division 2,Round 13,Magic U12 Boys Gold,,,Newlands U12 Boys LAKERS,,,,UPCOMING,Dallas Brooks Community Primary School,Court 2,10:00:00,908392,,Coburg Basketball Association,Junior Domestic,DOMESTIC,Winter 2022,9083929a-2a32-4d38-9b79-9f73bea2bd46
06/08/2022,Saturday U12 Boys Division 3,Round 13,STARS U12 Boys CR,,,Magic U12 Boys Black,,,,UPCOMING,Oak Park Stadium,Court 1,10:00:00,deb48e,,Coburg Basketball Association,Junior Domestic,DOMESTIC,Winter 2022,deb48ee2-222f-434a-9643-de60bc375e54
06/08/2022,Saturday U12 Boys Division 4,Round 13,Magic U12 Boys Diamond,,,Rebels U12 Boys Blue,,,,UPCOMING,Dallas Brooks Community Primary School,Court 2,10:45:00,a58e28,,Coburg Basketball Association,Junior Domestic,DOMESTIC,Winter 2022,a58e286f-9b8a-4324-8546-6e8be8c26cb1
06/08/2022,Saturday U12 Girls Division 1/2,Round 13,Magic U12 Girls Purple,,,Panthers U12 Girls Black,,,,UPCOMING,Oak Park Stadium,Court 1,10:45:00,22b6aa,,Coburg Basketball Association,Junior Domestic,DOMESTIC,Winter 2022,22b6aae7-9a66-47d0-8a12-35847c68a5b1
06/08/2022,Saturday U12 Girls Division 3/4,Round 13,St Fidelis U12 Girls Blue,,,Magic U12 Girls Gold,,,,UPCOMING,St John's College (Preston),Court 1,10:45:00,4bb960,,Coburg Basketball Association,Junior Domestic,DOMESTIC,Winter 2022,4bb9600e-97d2-45f2-b28b-880a7156b18c
06/08/2022,Saturday U12 Girls Division 3/4,Round 13,Melbourne Warriors u/12g,,,Magic U12 Girls Black,,,,UPCOMING,Coburg Basketball Stadium,Court 4,10:45:00,647c6e,,Coburg Basketball Association,Junior Domestic,DOMESTIC,Winter 2022,647c6e5a-5f1c-4413-a5b5-cd5a59683b00
06/08/2022,Saturday U14 Boys Division 3,Round 13,Magic U14 Boys Black,,,Piranhas U14 Boys Garnet,,,,UPCOMING,Northcote High School,Court 1,11:30:00,6ae21e,,Coburg Basketball Association,Junior Domestic,DOMESTIC,Winter 2022,6ae21e1f-660c-4aac-8f32-5c771f7d3b92
06/08/2022,Saturday U14 Boys Division 5,Round 13,Magic U14 Boys Gold,,,Thunder U14 Boys Grey,,,,UPCOMING,Coburg Basketball Stadium,Court 4,11:30:00,87dd30,,Coburg Basketball Association,Junior Domestic,DOMESTIC,Winter 2022,87dd301c-7f82-40b8-9bd2-2063487f376b
06/08/2022,Saturday U14 Boys Division 5,Round 13,Magic U14 Boys Purple,,,St Fidelis U14 Boys Green,,,,UPCOMING,Pascoe Vale Girls College,Court 1,11:30:00,7bc1f0,,Coburg Basketball Association,Junior Domestic,DOMESTIC,Winter 2022,7bc1f0a6-ad5b-4cff-9aa4-b06e6bbcc4f6
06/08/2022,Saturday U14 Girls Division 3,Round 13,Rebels U14 Girls White,,,Magic U14 Girls Purple,,,,UPCOMING,Dallas Brooks Community Primary School,Court 1,12:15:00,36be8a,,Coburg Basketball Association,Junior Domestic,DOMESTIC,Winter 2022,36be8a80-0fa7-4e98-bd92-31b3f2e4a7b9
06/08/2022,Saturday U14 Girls Division 3,Round 13,Magic U14 Girls Gold,,,SUBC-CG141,,,,UPCOMING,Oak Park Stadium,Court 1,12:15:00,5a8591,,Coburg Basketball Association,Junior Domestic,DOMESTIC,Winter 2022,5a85912e-702c-45e6-be7e-d7263481cc1b
06/08/2022,Saturday U16 Boys Division 2,Round 13,Magic U16 Boys Gold,,,Warriors U16 Boys Black,,,,UPCOMING,Dallas Brooks Community Primary School,Court 1,13:00:00,713e8f,,Coburg Basketball Association,Junior Domestic,DOMESTIC,Winter 2022,713e8fc3-e106-4099-b98d-47f6c4389f63
06/08/2022,Saturday U16 Boys Division 3,Round 13,Magic U16 Boys Purple,,,St Fidelis U16 Boys White,,,,UPCOMING,Mercy College,Court 1,13:00:00,1e5806,,Coburg Basketball Association,Junior Domestic,DOMESTIC,Winter 2022,1e580675-a987-4c13-a032-60231c363bbb
06/08/2022,Saturday U16 Girls Division 1/2,Round 13,Magic U16 Girls Gold,,,St Fidelis U16 Girls Blue,,,,UPCOMING,Coburg Senior High School,Court 1,13:45:00,566294,,Coburg Basketball Association,Junior Domestic,DOMESTIC,Winter 2022,56629463-3b69-4585-8ab3-d9d5a1765c9f
06/08/2022,Saturday U8 Mixed Division 1/2,Round 13,STARS U8 Mixed MK,,,Magic U8 Mixed Purple,,,,UPCOMING,Pascoe Vale Girls College,Court 1,08:30:00,f2226b,,Coburg Basketball Association,Junior Domestic,DOMESTIC,Winter 2022,f2226b55-2497-4914-93db-fe6cd198777b
13/08/2022,Saturday U10 Boys Division 3,Round 14,Piranhas U10 Mixed Neon,,,Magic U10 Boys Gold,,,,UPCOMING,Mercy College,Court 1,09:15:00,b5e966,,Coburg Basketball Association,Junior Domestic,DOMESTIC,Winter 2022,b5e9663f-01cf-44aa-94ff-040d2af84731
13/08/2022,Saturday U10 Boys Division 3,Round 14,,,,,,,Magic U10 Boys Purple,,,,,,,Coburg Basketball Association,Junior Domestic,DOMESTIC,Winter 2022,
13/08/2022,Saturday U10 Girls Division 2,Round 14,Magic U10 Girls Gold,,,Melbourne Warriors u/10g,,,,UPCOMING,Coburg Basketball Stadium,Court 4,09:15:00,af7d5b,,Coburg Basketball Association,Junior Domestic,DOMESTIC,Winter 2022,af7d5b6c-3982-4710-b303-cb0779066295
13/08/2022,Saturday U10 Girls Division 2,Round 14,Newlands U10 Girls ELECTRIC SLOTHS,,,Magic U10 Girls Purple,,,,UPCOMING,Mercy College,Court 1,08:30:00,47d6b1,,Coburg Basketball Association,Junior Domestic,DOMESTIC,Winter 2022,47d6b14c-ebb0-4a7f-adc7-88376674c564
13/08/2022,Saturday U12 Boys Division 1,Round 14,St Fidelis U12 Boys Black,,,Magic U12 Boys Purple,,,,UPCOMING,Dallas Brooks Community Primary School,Court 1,09:15:00,86854c,,Coburg Basketball Association,Junior Domestic,DOMESTIC,Winter 2022,86854c43-a8f2-40f7-9804-8d25049b5598
13/08/2022,Saturday U12 Boys Division 2,Round 14,Rebels U12 Boys Red,,,Magic U12 Boys Gold,,,,UPCOMING,Coburg Basketball Stadium,Court 2,10:00:00,656c94,,Coburg Basketball Association,Junior Domestic,DOMESTIC,Winter 2022,656c94c3-fe1e-47ea-8035-4f1578856ae8
13/08/2022,Saturday U12 Boys Division 3,Round 14,Magic U12 Boys Black,,,Piranhas U12 Boys Orange,,,,UPCOMING,Pascoe Vale Girls College,Court 1,10:00:00,c671b9,,Coburg Basketball Association,Junior Domestic,DOMESTIC,Winter 2022,c671b980-50cc-46ad-a913-71bbbf5816c1
13/08/2022,Saturday U12 Boys Division 4,Round 14,Newlands U12 Boys GRIZZLIES,,,Magic U12 Boys Diamond,,,,UPCOMING,Dallas Brooks Community Primary School,Court 2,10:45:00,4f18c1,,Coburg Basketball Association,Junior Domestic,DOMESTIC,Winter 2022,4f18c1b0-a83d-4f58-a1a6-e37a6c59790f
13/08/2022,Saturday U12 Girls Division 1/2,Round 14,Jets U12 Girls Blue,,,Magic U12 Girls Purple,,,,UPCOMING,Oak Park Stadium,Court 1,10:45:00,9ef244,,Coburg Basketball Association,Junior Domestic,DOMESTIC,Winter 2022,9ef244f4-b315-403b-ae58-d8aaae0b9bf8
13/08/2022,Saturday U12 Girls Division 3/4,Round 14,Magic U12 Girls Gold,,,Newlands U12 Girls LEOPARDS,,,,UPCOMING,Pascoe Vale Girls College,Court 1,10:45:00,56b8a9,,Coburg Basketball Association,Junior Domestic,DOMESTIC,Winter 2022,56b8a99a-60c7-4c2b-b2ec-b076dd692d07
13/08/2022,Saturday U12 Girls Division 3/4,Round 14,STARS U12 Girls U12 EW,,,Magic U12 Girls Black,,,,UPCOMING,Coburg Basketball Stadium,Court 4,10:45:00,74a25b,,Coburg Basketball Association,Junior Domestic,DOMESTIC,Winter 2022,74a25b93-0f5e-4c01-8c98-34f7b6e5b292
13/08/2022,Saturday U14 Boys Division 3,Round 14,Rebels U14 Boys White,,,Magic U14 Boys Black,,,,UPCOMING,Coburg Basketball Stadium,Court 2,11:30:00,f5b948,,Coburg Basketball Association,Junior Domestic,DOMESTIC,Winter 2022,f5b94817-2429-471a-8796-1c2f610dfea0
13/08/2022,Saturday U14 Boys Division 5,Round 14,Thunder U14 Boys Blue,,,Magic U14 Boys Purple,,,,UPCOMING,Coburg Basketball Stadium,Court 4,11:30:00,cb5e6d,,Coburg Basketball Association,Junior Domestic,DOMESTIC,Winter 2022,cb5e6dc4-cc47-4427-901f-6e6642b1b124
13/08/2022,Saturday U14 Boys Division 5,Round 14,,,,,,,Magic U14 Boys Gold,,,,,,,Coburg Basketball Association,Junior Domestic,DOMESTIC,Winter 2022,
13/08/2022,Saturday U14 Girls Division 3,Round 14,St Fidelis U14 Girls White,,,Magic U14 Girls Gold,,,,UPCOMING,Dallas Brooks Community Primary School,Court 1,12:15:00,314935,,Coburg Basketball Association,Junior Domestic,DOMESTIC,Winter 2022,314935fb-1351-4e1f-8f2b-136639755c89
13/08/2022,Saturday U14 Girls Division 3,Round 14,Magic U14 Girls Purple,,,SUBC-CG141,,,,UPCOMING,Dallas Brooks Community Primary School,Court 2,13:00:00,16b853,,Coburg Basketball Association,Junior Domestic,DOMESTIC,Winter 2022,16b853b3-0569-4441-93d1-5b82321adeed
13/08/2022,Saturday U16 Boys Division 2,Round 14,Newlands U16 Boys NETS,,,Magic U16 Boys Gold,,,,UPCOMING,Coburg Senior High School,Court 1,13:00:00,c9a39a,,Coburg Basketball Association,Junior Domestic,DOMESTIC,Winter 2022,c9a39afb-a807-4c88-a733-4395640135c3
13/08/2022,Saturday U16 Boys Division 3,Round 14,Newlands U16 Boys CYCLONES,,,Magic U16 Boys Purple,,,,UPCOMING,Mercy College,Court 1,13:00:00,73da89,,Coburg Basketball Association,Junior Domestic,DOMESTIC,Winter 2022,73da8963-3282-4ed0-9cb4-34317c725928
13/08/2022,Saturday U16 Girls Division 1/2,Round 14,Newlands U16 Girls LYNX,,,Magic U16 Girls Gold,,,,UPCOMING,Coburg Basketball Stadium,Court 1,13:45:00,ef8c19,,Coburg Basketball Association,Junior Domestic,DOMESTIC,Winter 2022,ef8c196c-a72a-4331-8f2c-1834fcf7706b
13/08/2022,Saturday U8 Mixed Division 1/2,Round 14,Magic U8 Mixed Purple,,,Newlands U8 Mixed BULLANTS,,,,UPCOMING,Coburg Basketball Stadium,Court 2,08:30:00,1b1c13,,Coburg Basketball Association,Junior Domestic,DOMESTIC,Winter 2022,1b1c132a-fdfe-4619-978a-cdee20aea47c
20/08/2022,Saturday U10 Boys Division 3,Round 15,Piranhas U10 Mixed Indigo,,,Magic U10 Boys Purple,,,,UPCOMING,Mercy College,Court 1,09:15:00,a8a001,,Coburg Basketball Association,Junior Domestic,DOMESTIC,Winter 2022,a8a00169-c823-4384-a7eb-733e8d5f7ea9
20/08/2022,Saturday U10 Boys Division 3,Round 15,,,,,,,Magic U10 Boys Gold,,,,,,,Coburg Basketball Association,Junior Domestic,DOMESTIC,Winter 2022,
20/08/2022,Saturday U10 Girls Division 2,Round 15,Magic U10 Girls Purple,,,Magic U10 Girls Gold,,,,UPCOMING,Coburg Senior High School,Court 1,09:15:00,230ccd,,Coburg Basketball Association,Junior Domestic,DOMESTIC,Winter 2022,230ccda7-780f-499a-b3c0-38755903b2d3
20/08/2022,Saturday U12 Boys Division 1,Round 15,Magic U12 Boys Purple,,,Piranhas U12 Boys Gold,,,,UPCOMING,Coburg Basketball Stadium,Court 1,10:00:00,cfeb7c,,Coburg Basketball Association,Junior Domestic,DOMESTIC,Winter 2022,cfeb7ca2-744c-464a-84f3-fbd55df1cd8b
20/08/2022,Saturday U12 Boys Division 2,Round 15,Magic U12 Boys Gold,,,Jets U12 Boys Red,,,,UPCOMING,Coburg Senior High School,Court 1,10:00:00,cacf00,,Coburg Basketball Association,Junior Domestic,DOMESTIC,Winter 2022,cacf00a9-0c51-4698-9392-f21a023e091d
20/08/2022,Saturday U12 Boys Division 3,Round 15,Magic U12 Boys Black,,,St Fidelis U12 Boys White,,,,UPCOMING,Pascoe Vale Girls College,Court 1,10:00:00,d3062c,,Coburg Basketball Association,Junior Domestic,DOMESTIC,Winter 2022,d3062ce4-0787-4600-b200-ac9d6d6af589
20/08/2022,Saturday U12 Boys Division 4,Round 15,Magic U12 Boys Diamond,,,Rebels U12 Boys White,,,,UPCOMING,Coburg Basketball Stadium,Court 4,10:00:00,30b19e,,Coburg Basketball Association,Junior Domestic,DOMESTIC,Winter 2022,30b19e8b-b2d8-49c6-9168-232ed409d7e7
20/08/2022,Saturday U12 Girls Division 1/2,Round 15,Magic U12 Girls Purple,,,Rebels U12 Girls Red,,,,UPCOMING,Coburg Basketball Stadium,Court 3,10:45:00,44093e,,Coburg Basketball Association,Junior Domestic,DOMESTIC,Winter 2022,44093e7c-fdf7-4e13-8fc2-16c27cb8c578
20/08/2022,Saturday U12 Girls Division 3/4,Round 15,Magic U12 Girls Black,,,Magic U12 Girls Gold,,,,UPCOMING,Dallas Brooks Community Primary School,Court 1,10:45:00,bc4797,,Coburg Basketball Association,Junior Domestic,DOMESTIC,Winter 2022,bc479710-9135-4463-8e30-c91a973e2e5e
20/08/2022,Saturday U14 Boys Division 3,Round 15,Magic U14 Boys Black,,,St Fidelis U14 Boys Blue,,,,UPCOMING,Dallas Brooks Community Primary School,Court 1,11:30:00,f16a1e,,Coburg Basketball Association,Junior Domestic,DOMESTIC,Winter 2022,f16a1e42-5b36-4362-8b23-153931d5c217
20/08/2022,Saturday U14 Boys Division 5,Round 15,Newlands U14 Boys REDBACKS,,,Magic U14 Boys Gold,,,,UPCOMING,Coburg Basketball Stadium,Court 4,11:30:00,df3494,,Coburg Basketball Association,Junior Domestic,DOMESTIC,Winter 2022,df349422-7439-4822-a154-1b9f603c8aea
20/08/2022,Saturday U14 Boys Division 5,Round 15,,,,,,,Magic U14 Boys Purple,,,,,,,Coburg Basketball Association,Junior Domestic,DOMESTIC,Winter 2022,
20/08/2022,Saturday U14 Girls Division 3,Round 15,Magic U14 Girls Gold,,,Magic U14 Girls Purple,,,,UPCOMING,Oak Park Stadium,Court 1,12:15:00,9daa3c,,Coburg Basketball Association,Junior Domestic,DOMESTIC,Winter 2022,9daa3c0d-3719-4433-a0cb-546e2dbb2a65
20/08/2022,Saturday U16 Boys Division 2,Round 15,Newlands U16 Boys CITY,,,Magic U16 Boys Gold,,,,UPCOMING,Pascoe Vale Girls College,Court 1,13:45:00,289333,,Coburg Basketball Association,Junior Domestic,DOMESTIC,Winter 2022,28933307-2544-4818-958f-d933a384e0e8
20/08/2022,Saturday U16 Boys Division 3,Round 15,Magic U16 Boys Purple,,,Rebels U16 Boys Red,,,,UPCOMING,Dallas Brooks Community Primary School,Court 1,14:30:00,11942d,,Coburg Basketball Association,Junior Domestic,DOMESTIC,Winter 2022,11942d5b-0bc1-44e0-bed0-c22000222ada
20/08/2022,Saturday U16 Girls Division 1/2,Round 15,Magic U16 Girls Gold,,,STARS U16 Girls JC,,,,UPCOMING,Coburg Basketball Stadium,Court 4,13:45:00,530779,,Coburg Basketball Association,Junior Domestic,DOMESTIC,Winter 2022,530779e9-2add-461b-9b88-ecc5eb428c36
20/08/2022,Saturday U8 Mixed Division 1/2,Round 15,Newlands U8 Mixed GRASSHOPPERS,,,Magic U8 Mixed Purple,,,,UPCOMING,Coburg Basketball Stadium,Court 1,08:30:00,452d0e,,Coburg Basketball Association,Junior Domestic,DOMESTIC,Winter 2022,452d0ea1-39a2-4cf3-82de-842a5fd63786
27/08/2022,Saturday U10 Boys Division 3,Round 16,Magic U10 Boys Gold,,,Rebels U10 Boys Blue,,,,UPCOMING,Mercy College,Court 1,09:15:00,a40724,,Coburg Basketball Association,Junior Domestic,DOMESTIC,Winter 2022,a407241a-0382-4f9a-8a6f-d7c868569fa4
27/08/2022,Saturday U10 Boys Division 3,Round 16,Magic U10 Boys Purple,,,Rebels U10 Boys Red,,,,UPCOMING,Northcote High School,Court 1,08:30:00,7f1190,,Coburg Basketball Association,Junior Domestic,DOMESTIC,Winter 2022,7f1190d2-b3a0-4355-9125-b1c44f5dea5e
27/08/2022,Saturday U10 Girls Division 2,Round 16,Melbourne Warriors u/10g,,,Magic U10 Girls Purple,,,,UPCOMING,Coburg Basketball Stadium,Court 4,09:15:00,6f8384,,Coburg Basketball Association,Junior Domestic,DOMESTIC,Winter 2022,6f8384bd-43a5-49d8-9143-e1684c0aed0b
27/08/2022,Saturday U10 Girls Division 2,Round 16,Magic U10 Girls Gold,,,Panthers U10 Girls Green,,,,UPCOMING,Mercy College,Court 1,08:30:00,d1647f,,Coburg Basketball Association,Junior Domestic,DOMESTIC,Winter 2022,d1647f1f-a2a4-4948-9044-5383fe570f75
27/08/2022,Saturday U12 Boys Division 1,Round 16,STARS U12 Boys SR,,,Magic U12 Boys Purple,,,,UPCOMING,Dallas Brooks Community Primary School,Court 1,09:15:00,bea818,,Coburg Basketball Association,Junior Domestic,DOMESTIC,Winter 2022,bea818c4-8863-40fd-9149-09c01d04b7d0
27/08/2022,Saturday U12 Boys Division 2,Round 16,Warriors U12 Boys Black,,,Magic U12 Boys Gold,,,,UPCOMING,Coburg Basketball Stadium,Court 2,10:00:00,bc7cf5,,Coburg Basketball Association,Junior Domestic,DOMESTIC,Winter 2022,bc7cf54c-a7ce-4414-8ff7-bdfd9629727a
27/08/2022,Saturday U12 Boys Division 3,Round 16,St Fidelis U12 Boys Gold,,,Magic U12 Boys Black,,,,UPCOMING,Oak Park Stadium,Court 1,10:00:00,25146c,,Coburg Basketball Association,Junior Domestic,DOMESTIC,Winter 2022,25146c9c-7d1f-440d-839b-697e1ee825ae
27/08/2022,Saturday U12 Boys Division 4,Round 16,Newlands U12 Boys KINGS,,,Magic U12 Boys Diamond,,,,UPCOMING,Coburg Basketball Stadium,Court 3,10:00:00,cd1c2f,,Coburg Basketball Association,Junior Domestic,DOMESTIC,Winter 2022,cd1c2f81-0744-4eba-9a4c-f7f67694eaa0
27/08/2022,Saturday U12 Girls Division 1/2,Round 16,Panthers U12 Girls Green,,,Magic U12 Girls Purple,,,,UPCOMING,Coburg Basketball Stadium,Court 2,10:45:00,2117c3,,Coburg Basketball Association,Junior Domestic,DOMESTIC,Winter 2022,2117c348-936d-4cf6-9085-e7cdf2f673a8
27/08/2022,Saturday U12 Girls Division 3/4,Round 16,St Fidelis U12 Girls Blue,,,Magic U12 Girls Black,,,,UPCOMING,Pascoe Vale Girls College,Court 1,10:45:00,0c9fa3,,Coburg Basketball Association,Junior Domestic,DOMESTIC,Winter 2022,0c9fa370-56f4-4586-83fa-e907df4cf4a1
27/08/2022,Saturday U12 Girls Division 3/4,Round 16,Magic U12 Girls Gold,,,St Fidelis U12 Girls Green,,,,UPCOMING,Coburg Basketball Stadium,Court 4,10:45:00,bd91f3,,Coburg Basketball Association,Junior Domestic,DOMESTIC,Winter 2022,bd91f3bf-710f-4f70-bc07-63b049fb5a85
27/08/2022,Saturday U14 Boys Division 3,Round 16,,,,,,,Magic U14 Boys Black,,,,,,,Coburg Basketball Association,Junior Domestic,DOMESTIC,Winter 2022,
27/08/2022,Saturday U14 Boys Division 5,Round 16,Magic U14 Boys Purple,,,Newlands U14 Boys DRAGONS,,,,UPCOMING,Coburg Basketball Stadium,Court 4,11:30:00,a20229,,Coburg Basketball Association,Junior Domestic,DOMESTIC,Winter 2022,a20229d4-31e7-47eb-9898-6c7711a60c13
27/08/2022,Saturday U14 Boys Division 5,Round 16,Magic U14 Boys Gold,,,Warriors U14 Boys White,,,,UPCOMING,Pascoe Vale Girls College,Court 1,11:30:00,586e71,,Coburg Basketball Association,Junior Domestic,DOMESTIC,Winter 2022,586e717a-178b-443d-be2d-d041b4c5c301
27/08/2022,Saturday U14 Girls Division 3,Round 16,St Fidelis U14 Girls Silver,,,Magic U14 Girls Gold,,,,UPCOMING,Northcote High School,Court 1,13:00:00,23adc0,,Coburg Basketball Association,Junior Domestic,DOMESTIC,Winter 2022,23adc079-b034-4aa1-97d8-790214f54e60
27/08/2022,Saturday U14 Girls Division 3,Round 16,Magic U14 Girls Purple,,,STARS U14 Girls Yellow,,,,UPCOMING,Dallas Brooks Community Primary School,Court 2,13:00:00,314b5d,,Coburg Basketball Association,Junior Domestic,DOMESTIC,Winter 2022,314b5d72-5e3e-41f2-aa92-db4736e241e5
27/08/2022,Saturday U16 Boys Division 2,Round 16,Magic U16 Boys Gold,,,Piranhas U16 Boys Red,,,,UPCOMING,Dallas Brooks Community Primary School,Court 1,13:00:00,440b35,,Coburg Basketball Association,Junior Domestic,DOMESTIC,Winter 2022,440b355f-06f0-4d87-93a6-5008cba129dc
27/08/2022,Saturday U16 Boys Division 3,Round 16,Jets U16 Boys Yellow,,,Magic U16 Boys Purple,,,,UPCOMING,Pascoe Vale Girls College,Court 1,13:00:00,372627,,Coburg Basketball Association,Junior Domestic,DOMESTIC,Winter 2022,372627e5-f6e0-45d9-9b79-f86b30242194
27/08/2022,Saturday U16 Girls Division 1/2,Round 16,,,,,,,Magic U16 Girls Gold,,,,,,,Coburg Basketball Association,Junior Domestic,DOMESTIC,Winter 2022,
27/08/2022,Saturday U8 Mixed Division 1/2,Round 16,Magic U8 Mixed Purple,,,Newlands U8 Mixed NUGGETS,,,,UPCOMING,Coburg Basketball Stadium,Court 3,08:30:00,5984f8,,Coburg Basketball Association,Junior Domestic,DOMESTIC,Winter 2022,5984f8d5-16da-4ad5-8256-7355e47d4dc8
03/09/2022,Saturday U10 Boys Division 3,Round 17,Panthers U10 Boys Black,,,Magic U10 Boys Gold,,,,UPCOMING,Northcote High School,Court 1,08:30:00,c5f7ed,,Coburg Basketball Association,Junior Domestic,DOMESTIC,Winter 2022,c5f7ed16-1a71-4a96-90b9-fe856e9c4a39
03/09/2022,Saturday U10 Boys Division 3,Round 17,Jets U10 Boys Yellow,,,Magic U10 Boys Purple,,,,UPCOMING,St John's College (Preston),Court 1,08:30:00,202c06,,Coburg Basketball Association,Junior Domestic,DOMESTIC,Winter 2022,202c0601-2bae-4e41-be5d-324b3d8e89d8
03/09/2022,Saturday U10 Girls Division 2,Round 17,St Fidelis U10 Girls Blue,,,Magic U10 Girls Gold,,,,UPCOMING,Pascoe Vale Girls College,Court 1,09:15:00,400f69,,Coburg Basketball Association,Junior Domestic,DOMESTIC,Winter 2022,400f6989-a112-4dec-a774-a67be1fb9c30
03/09/2022,Saturday U10 Girls Division 2,Round 17,,,,,,,Magic U10 Girls Purple,,,,,,,Coburg Basketball Association,Junior Domestic,DOMESTIC,Winter 2022,
03/09/2022,Saturday U8 Mixed Division 1/2,Round 17,St Fidelis U8 Mixed Yellow,,,Magic U8 Mixed Purple,,,,UPCOMING,Coburg Basketball Stadium,Court 4,08:30:00,08f080,,Coburg Basketball Association,Junior Domestic,DOMESTIC,Winter 2022,08f08021-ff61-4f39-b840-e02cc49207a1
10/09/2022,Saturday U10 Boys Division 3,Round 18,Magic U10 Boys Gold,,,STARS U10 Boys EW,,,,UPCOMING,St John's College (Preston),Court 1,08:30:00,def5bf,,Coburg Basketball Association,Junior Domestic,DOMESTIC,Winter 2022,def5bfc0-e76f-4cc5-8ce5-9f43198a5b1c
10/09/2022,Saturday U10 Boys Division 3,Round 18,Magic U10 Boys Purple,,,Newlands U10 Boys MINIONS,,,,UPCOMING,Coburg Basketball Stadium,Court 1,09:15:00,c87dbe,,Coburg Basketball Association,Junior Domestic,DOMESTIC,Winter 2022,c87dbe51-7b37-44dd-a6e6-28ed7af7a7c4
10/09/2022,Saturday U10 Girls Division 2,Round 18,Magic U10 Girls Purple,,,Panthers U10 Girls Green,,,,UPCOMING,Coburg Basketball Stadium,Court 4,09:15:00,aed70c,,Coburg Basketball Association,Junior Domestic,DOMESTIC,Winter 2022,aed70c13-19b6-4cbe-b976-d2ad28e8ec0a
10/09/2022,Saturday U10 Girls Division 2,Round 18,Magic U10 Girls Gold,,,Thunder U10 Girls Blue,,,,UPCOMING,Oak Park Stadium,Court 1,09:15:00,f38562,,Coburg Basketball Association,Junior Domestic,DOMESTIC,Winter 2022,f38562ea-3530-4f8b-b88f-88107c673ff5
